SkillID;SkillName;SkillLevel;SkillDmgToArmor;SkillDmgToShield;Cost;Acc;StunChance;KnockoutChance;ChillChance;FlameChance;UpliftChance;SelfShieldDrain;SkillType;SkillDescription
0;Rzut;1;50;0;5;0;0;100;0;0;0;0;Biotyczne;Ciœnij przeciwnikiem za pomoc¹ tego uderzenia biotycznego, powalaj¹c go!
1;Rzut;2;50;0;5;5;0;100;0;0;0;0;Biotyczne;Ciœnij przeciwnikiem za pomoc¹ tego uderzenia biotycznego, powalaj¹c go!
2;Rzut;3;80;0;5;5;0;100;0;0;0;0;Biotyczne;Ciœnij przeciwnikiem za pomoc¹ tego uderzenia biotycznego, powalaj¹c go!
3;Rzut;4A;80;0;5;5;0;100;0;0;0;0;Biotyczne;Ciœnij przeciwnikiem za pomoc¹ tego uderzenia biotycznego, powalaj¹c go!
4;Rzut;4B;80;0;5;5;0;100;0;0;0;0;Biotyczne;Ciœnij przeciwnikiem za pomoc¹ tego uderzenia biotycznego, powalaj¹c go!
5;Rzut;5AA;80;0;5;5;0;100;0;0;0;0;Biotyczne;Ciœnij przeciwnikiem za pomoc¹ tego uderzenia biotycznego, powalaj¹c go!
6;Rzut;5AB;80;0;5;5;0;100;0;0;0;0;Biotyczne;Ciœnij przeciwnikiem za pomoc¹ tego uderzenia biotycznego, powalaj¹c go!
7;Rzut;5BA;80;0;5;5;0;100;0;0;0;0;Biotyczne;Ciœnij przeciwnikiem za pomoc¹ tego uderzenia biotycznego, powalaj¹c go!
8;Rzut;5BB;80;0;5;5;0;100;0;0;0;0;Biotyczne;Ciœnij przeciwnikiem za pomoc¹ tego uderzenia biotycznego, powalaj¹c go!
9;Rzut;6AAA;100;0;5;5;0;100;0;0;0;0;Biotyczne;Ciœnij przeciwnikiem za pomoc¹ tego uderzenia biotycznego, powalaj¹c go!
10;Rzut;6AAB;80;0;5;5;0;100;0;0;0;0;Biotyczne;Ciœnij przeciwnikiem za pomoc¹ tego uderzenia biotycznego, powalaj¹c go!
11;Rzut;6ABB;80;0;4;5;0;100;0;0;0;0;Biotyczne;Ciœnij przeciwnikiem za pomoc¹ tego uderzenia biotycznego, powalaj¹c go!
12;Rzut;6BBB;80;0;4;5;0;100;0;0;0;0;Biotyczne;Ciœnij przeciwnikiem za pomoc¹ tego uderzenia biotycznego, powalaj¹c go!
13;Rzut;6BBA;100;0;4;5;0;100;0;0;0;0;Biotyczne;Ciœnij przeciwnikiem za pomoc¹ tego uderzenia biotycznego, powalaj¹c go!
14;Rzut;6BAA;100;0;5;5;0;100;0;0;0;0;Biotyczne;Ciœnij przeciwnikiem za pomoc¹ tego uderzenia biotycznego, powalaj¹c go!
15;Rzut;6ABA;100;0;4;5;0;100;0;0;0;0;Biotyczne;Ciœnij przeciwnikiem za pomoc¹ tego uderzenia biotycznego, powalaj¹c go!
16;Rzut;6BAB;80;0;5;5;0;100;0;0;0;0;Biotyczne;Ciœnij przeciwnikiem za pomoc¹ tego uderzenia biotycznego, powalaj¹c go!
17;Fala uderzeniowa;1;60;0;8;0;0;100;0;0;0;0;Biotyczne;Fala wywo³ana efektem masy, posy³ana przez u¿ytkownika w okreœlonym przez niego kieruku. Zadaje obra¿enia ka¿demu przeciwnikowi na swojej drodze, znajduj¹cemu siê w jej zasiêgu i w jej szerokoœci.
18;Fala uderzeniowa;2;80;0;8;0;0;100;0;0;0;0;Biotyczne;Fala wywo³ana efektem masy, posy³ana przez u¿ytkownika w okreœlonym przez niego kieruku. Zadaje obra¿enia ka¿demu przeciwnikowi na swojej drodze, znajduj¹cemu siê w jej zasiêgu i w jej szerokoœci.
19;Fala uderzeniowa;3;80;0;8;5;0;100;0;0;0;0;Biotyczne;Fala wywo³ana efektem masy, posy³ana przez u¿ytkownika w okreœlonym przez niego kieruku. Zadaje obra¿enia ka¿demu przeciwnikowi na swojej drodze, znajduj¹cemu siê w jej zasiêgu i w jej szerokoœci.
20;Fala uderzeniowa;4A;110;0;8;5;0;100;0;0;0;0;Biotyczne;Fala wywo³ana efektem masy, posy³ana przez u¿ytkownika w okreœlonym przez niego kieruku. Zadaje obra¿enia ka¿demu przeciwnikowi na swojej drodze, znajduj¹cemu siê w jej zasiêgu i w jej szerokoœci.
21;Fala uderzeniowa;4B;80;0;8;5;0;100;0;0;0;0;Biotyczne;Fala wywo³ana efektem masy, posy³ana przez u¿ytkownika w okreœlonym przez niego kieruku. Zadaje obra¿enia ka¿demu przeciwnikowi na swojej drodze, znajduj¹cemu siê w jej zasiêgu i w jej szerokoœci.
22;Fala uderzeniowa;5AA;110;0;8;5;0;100;0;0;0;0;Biotyczne;Fala wywo³ana efektem masy, posy³ana przez u¿ytkownika w okreœlonym przez niego kieruku. Zadaje obra¿enia ka¿demu przeciwnikowi na swojej drodze, znajduj¹cemu siê w jej zasiêgu i w jej szerokoœci.
23;Fala uderzeniowa;5AB;110;0;7;5;0;100;0;0;0;0;Biotyczne;Fala wywo³ana efektem masy, posy³ana przez u¿ytkownika w okreœlonym przez niego kieruku. Zadaje obra¿enia ka¿demu przeciwnikowi na swojej drodze, znajduj¹cemu siê w jej zasiêgu i w jej szerokoœci.
24;Fala uderzeniowa;5BA;80;0;8;5;0;100;0;0;0;0;Biotyczne;Fala wywo³ana efektem masy, posy³ana przez u¿ytkownika w okreœlonym przez niego kieruku. Zadaje obra¿enia ka¿demu przeciwnikowi na swojej drodze, znajduj¹cemu siê w jej zasiêgu i w jej szerokoœci.
25;Fala uderzeniowa;5BB;80;0;7;5;0;100;0;0;0;0;Biotyczne;Fala wywo³ana efektem masy, posy³ana przez u¿ytkownika w okreœlonym przez niego kieruku. Zadaje obra¿enia ka¿demu przeciwnikowi na swojej drodze, znajduj¹cemu siê w jej zasiêgu i w jej szerokoœci.
26;Fala uderzeniowa;6AAA;110;0;8;5;0;100;0;0;0;0;Biotyczne;Fala wywo³ana efektem masy, posy³ana przez u¿ytkownika w okreœlonym przez niego kieruku. Zadaje obra¿enia ka¿demu przeciwnikowi na swojej drodze, znajduj¹cemu siê w jej zasiêgu i w jej szerokoœci.
27;Fala uderzeniowa;6AAB;140;0;8;5;0;100;0;0;0;0;Biotyczne;Fala wywo³ana efektem masy, posy³ana przez u¿ytkownika w okreœlonym przez niego kieruku. Zadaje obra¿enia ka¿demu przeciwnikowi na swojej drodze, znajduj¹cemu siê w jej zasiêgu i w jej szerokoœci.
28;Fala uderzeniowa;6ABB;140;0;7;5;0;100;0;0;0;0;Biotyczne;Fala wywo³ana efektem masy, posy³ana przez u¿ytkownika w okreœlonym przez niego kieruku. Zadaje obra¿enia ka¿demu przeciwnikowi na swojej drodze, znajduj¹cemu siê w jej zasiêgu i w jej szerokoœci.
29;Fala uderzeniowa;6BBB;110;0;7;5;0;100;0;0;0;0;Biotyczne;Fala wywo³ana efektem masy, posy³ana przez u¿ytkownika w okreœlonym przez niego kieruku. Zadaje obra¿enia ka¿demu przeciwnikowi na swojej drodze, znajduj¹cemu siê w jej zasiêgu i w jej szerokoœci.
30;Fala uderzeniowa;6BBA;80;0;7;5;0;100;0;0;0;0;Biotyczne;Fala wywo³ana efektem masy, posy³ana przez u¿ytkownika w okreœlonym przez niego kieruku. Zadaje obra¿enia ka¿demu przeciwnikowi na swojej drodze, znajduj¹cemu siê w jej zasiêgu i w jej szerokoœci.
31;Fala uderzeniowa;6BAA;80;0;8;5;0;100;0;0;0;0;Biotyczne;Fala wywo³ana efektem masy, posy³ana przez u¿ytkownika w okreœlonym przez niego kieruku. Zadaje obra¿enia ka¿demu przeciwnikowi na swojej drodze, znajduj¹cemu siê w jej zasiêgu i w jej szerokoœci.
32;Fala uderzeniowa;6ABA;110;0;7;5;0;100;0;0;0;0;Biotyczne;Fala wywo³ana efektem masy, posy³ana przez u¿ytkownika w okreœlonym przez niego kieruku. Zadaje obra¿enia ka¿demu przeciwnikowi na swojej drodze, znajduj¹cemu siê w jej zasiêgu i w jej szerokoœci.
33;Fala uderzeniowa;6BAB;110;0;8;5;0;100;0;0;0;0;Biotyczne;Fala wywo³ana efektem masy, posy³ana przez u¿ytkownika w okreœlonym przez niego kieruku. Zadaje obra¿enia ka¿demu przeciwnikowi na swojej drodze, znajduj¹cemu siê w jej zasiêgu i w jej szerokoœci.
34;Przyci¹gniêcie;1;0;0;5;0;0;0;0;0;100;0;Biotyczne;Pole efektu masy podnosi przeciwników do góry pod warunkiem, ¿e s¹ oni pozbawieni tarcz. Efekt utrzymuje siê przez 1 turê.
35;Przyci¹gniêcie;2;0;0;5;5;0;0;0;0;100;0;Biotyczne;Pole efektu masy podnosi przeciwników do góry pod warunkiem, ¿e s¹ oni pozbawieni tarcz. Efekt utrzymuje siê przez 1 turê.
36;Przyci¹gniêcie;3;30;0;5;5;0;0;0;0;100;0;Biotyczne;Pole efektu masy podnosi przeciwników do góry pod warunkiem, ¿e s¹ oni pozbawieni tarcz. Efekt utrzymuje siê przez 1 turê.
37;Przyci¹gniêcie;4A;30;0;5;5;0;0;0;0;100;0;Biotyczne;Pole efektu masy podnosi przeciwników do góry pod warunkiem, ¿e s¹ oni pozbawieni tarcz. Efekt utrzymuje siê przez 1 turê.
38;Przyci¹gniêcie;4B;50;0;5;5;0;0;0;0;100;0;Biotyczne;Pole efektu masy podnosi przeciwników do góry pod warunkiem, ¿e s¹ oni pozbawieni tarcz. Efekt utrzymuje siê przez 1 turê.
39;Przyci¹gniêcie;5AA;30;0;5;5;0;0;0;0;100;0;Biotyczne;Pole efektu masy podnosi przeciwników do góry pod warunkiem, ¿e s¹ oni pozbawieni tarcz. Efekt utrzymuje siê przez 1 turê.
40;Przyci¹gniêcie;5AB;30;0;4;5;0;0;0;0;100;0;Biotyczne;Pole efektu masy podnosi przeciwników do góry pod warunkiem, ¿e s¹ oni pozbawieni tarcz. Efekt utrzymuje siê przez 1 turê.
41;Przyci¹gniêcie;5BA;50;0;5;5;0;0;0;0;100;0;Biotyczne;Pole efektu masy podnosi przeciwników do góry pod warunkiem, ¿e s¹ oni pozbawieni tarcz. Efekt utrzymuje siê przez 1 turê.
42;Przyci¹gniêcie;5BB;50;0;4;5;0;0;0;0;100;0;Biotyczne;Pole efektu masy podnosi przeciwników do góry pod warunkiem, ¿e s¹ oni pozbawieni tarcz. Efekt utrzymuje siê przez 1 turê.
43;Przyci¹gniêcie;6AAA;30;0;5;5;0;0;0;0;100;0;Biotyczne;Pole efektu masy podnosi przeciwników do góry pod warunkiem, ¿e s¹ oni pozbawieni tarcz. Efekt utrzymuje siê przez 1 turê.
44;Przyci¹gniêcie;6AAB;30;0;5;5;0;0;0;0;100;0;Biotyczne;Pole efektu masy podnosi przeciwników do góry pod warunkiem, ¿e s¹ oni pozbawieni tarcz. Efekt utrzymuje siê przez 1 turê.
45;Przyci¹gniêcie;6ABB;30;0;4;5;0;0;0;0;100;0;Biotyczne;Pole efektu masy podnosi przeciwników do góry pod warunkiem, ¿e s¹ oni pozbawieni tarcz. Efekt utrzymuje siê przez 1 turê.
46;Przyci¹gniêcie;6BBB;50;0;4;5;0;0;0;0;100;0;Biotyczne;Pole efektu masy podnosi przeciwników do góry pod warunkiem, ¿e s¹ oni pozbawieni tarcz. Efekt utrzymuje siê przez 1 turê.
47;Przyci¹gniêcie;6BBA;50;0;4;5;0;0;0;0;100;0;Biotyczne;Pole efektu masy podnosi przeciwników do góry pod warunkiem, ¿e s¹ oni pozbawieni tarcz. Efekt utrzymuje siê przez 1 turê.
48;Przyci¹gniêcie;6BAA;50;0;5;5;0;0;0;0;100;0;Biotyczne;Pole efektu masy podnosi przeciwników do góry pod warunkiem, ¿e s¹ oni pozbawieni tarcz. Efekt utrzymuje siê przez 1 turê.
49;Przyci¹gniêcie;6ABA;30;0;4;5;0;0;0;0;100;0;Biotyczne;Pole efektu masy podnosi przeciwników do góry pod warunkiem, ¿e s¹ oni pozbawieni tarcz. Efekt utrzymuje siê przez 1 turê.
50;Przyci¹gniêcie;6BAB;50;0;5;5;0;0;0;0;100;0;Biotyczne;Pole efektu masy podnosi przeciwników do góry pod warunkiem, ¿e s¹ oni pozbawieni tarcz. Efekt utrzymuje siê przez 1 turê.
51;Bariera;1;0;0;10;0;0;0;0;0;0;0;Biotyczne;Otacza u¿ytkownika biotyczn¹ barier¹, dzia³aj¹c¹ jako osobna warstwa ochronna.
52;Bariera;2;0;0;10;5;0;0;0;0;0;0;Biotyczne;Otacza u¿ytkownika biotyczn¹ barier¹, dzia³aj¹c¹ jako osobna warstwa ochronna.
53;Bariera;3;0;0;10;5;0;0;0;0;0;0;Biotyczne;Otacza u¿ytkownika biotyczn¹ barier¹, dzia³aj¹c¹ jako osobna warstwa ochronna.
54;Bariera;4A;0;0;10;5;0;0;0;0;0;0;Biotyczne;Otacza u¿ytkownika biotyczn¹ barier¹, dzia³aj¹c¹ jako osobna warstwa ochronna.
55;Bariera;4B;0;0;10;5;0;0;0;0;0;0;Biotyczne;Otacza u¿ytkownika biotyczn¹ barier¹, dzia³aj¹c¹ jako osobna warstwa ochronna.
56;Bariera;5AA;0;0;10;5;0;0;0;0;0;0;Biotyczne;Otacza u¿ytkownika biotyczn¹ barier¹, dzia³aj¹c¹ jako osobna warstwa ochronna.
57;Bariera;5AB;0;0;10;10;0;0;0;0;0;0;Biotyczne;Otacza u¿ytkownika biotyczn¹ barier¹, dzia³aj¹c¹ jako osobna warstwa ochronna.
58;Bariera;5BA;0;0;10;5;0;0;0;0;0;0;Biotyczne;Otacza u¿ytkownika biotyczn¹ barier¹, dzia³aj¹c¹ jako osobna warstwa ochronna.
59;Bariera;5BB;0;0;10;10;0;0;0;0;0;0;Biotyczne;Otacza u¿ytkownika biotyczn¹ barier¹, dzia³aj¹c¹ jako osobna warstwa ochronna.
60;Bariera;6AAA;0;0;10;5;0;0;0;0;0;0;Biotyczne;Otacza u¿ytkownika biotyczn¹ barier¹, dzia³aj¹c¹ jako osobna warstwa ochronna.
61;Bariera;6AAB;0;0;10;5;0;0;0;0;0;0;Biotyczne;Otacza u¿ytkownika biotyczn¹ barier¹, dzia³aj¹c¹ jako osobna warstwa ochronna.
62;Bariera;6ABB;0;0;10;10;0;0;0;0;0;0;Biotyczne;Otacza u¿ytkownika biotyczn¹ barier¹, dzia³aj¹c¹ jako osobna warstwa ochronna.
63;Bariera;6BBB;0;0;10;10;0;0;0;0;0;0;Biotyczne;Otacza u¿ytkownika biotyczn¹ barier¹, dzia³aj¹c¹ jako osobna warstwa ochronna.
64;Bariera;6BBA;0;0;10;10;0;0;0;0;0;0;Biotyczne;Otacza u¿ytkownika biotyczn¹ barier¹, dzia³aj¹c¹ jako osobna warstwa ochronna.
65;Bariera;6BAA;0;0;10;5;0;0;0;0;0;0;Biotyczne;Otacza u¿ytkownika biotyczn¹ barier¹, dzia³aj¹c¹ jako osobna warstwa ochronna.
66;Bariera;6ABA;0;0;10;10;0;0;0;0;0;0;Biotyczne;Otacza u¿ytkownika biotyczn¹ barier¹, dzia³aj¹c¹ jako osobna warstwa ochronna.
67;Bariera;6BAB;0;0;10;5;0;0;0;0;0;0;Biotyczne;Otacza u¿ytkownika biotyczn¹ barier¹, dzia³aj¹c¹ jako osobna warstwa ochronna.
68;Bariera (detonacja);1;100;100;0;0;0;0;0;0;0;0;Biotyczne;Detonacja bariery.
69;Bariera (detonacja);2;100;100;0;5;0;0;0;0;0;0;Biotyczne;Detonacja bariery.
70;Bariera (detonacja);3;100;100;0;5;0;0;0;0;0;0;Biotyczne;Detonacja bariery.
71;Bariera (detonacja);4A;100;100;0;5;0;0;0;0;0;0;Biotyczne;Detonacja bariery.
72;Bariera (detonacja);4B;100;100;0;5;0;0;0;0;0;0;Biotyczne;Detonacja bariery.
73;Bariera (detonacja);5AA;100;100;0;5;0;0;0;0;0;0;Biotyczne;Detonacja bariery.
74;Bariera (detonacja);5AB;100;100;0;10;0;0;0;0;0;0;Biotyczne;Detonacja bariery.
75;Bariera (detonacja);5BA;100;100;0;5;0;0;0;0;0;0;Biotyczne;Detonacja bariery.
76;Bariera (detonacja);5BB;100;100;0;10;0;0;0;0;0;0;Biotyczne;Detonacja bariery.
77;Bariera (detonacja);6AAA;100;100;0;5;0;0;0;0;0;0;Biotyczne;Detonacja bariery.
78;Bariera (detonacja);6AAB;100;100;0;5;0;0;0;0;0;0;Biotyczne;Detonacja bariery.
79;Bariera (detonacja);6ABB;100;100;0;10;0;0;0;0;0;0;Biotyczne;Detonacja bariery.
80;Bariera (detonacja);6BBB;100;100;0;10;0;0;0;0;0;0;Biotyczne;Detonacja bariery.
81;Bariera (detonacja);6BBA;100;100;0;10;0;0;0;0;0;0;Biotyczne;Detonacja bariery.
82;Bariera (detonacja);6BAA;100;100;0;5;0;0;0;0;0;0;Biotyczne;Detonacja bariery.
83;Bariera (detonacja);6ABA;100;100;0;10;0;0;0;0;0;0;Biotyczne;Detonacja bariery.
84;Bariera (detonacja);6BAB;100;100;0;5;0;0;0;0;0;0;Biotyczne;Detonacja bariery.
85;Bariera (wzmocniona detonacja);6AAA;200;200;50;5;0;100;0;0;0;0;Biotyczne;Detonacja bariery.
86;Bariera (wzmocniona detonacja);6BBA;200;200;50;10;0;100;0;0;0;0;Biotyczne;Detonacja bariery.
87;Bariera (wzmocniona detonacja);6BAA;200;200;50;5;0;100;0;0;0;0;Biotyczne;Detonacja bariery.
88;Bariera (wzmocniona detonacja);6ABA;200;200;50;10;0;100;0;0;0;0;Biotyczne;Detonacja bariery.
89;Dysruptor fazowy;1;50;50;8;0;0;0;0;0;0;50;Biotyczne;Dysruptor fazowy to zdolnoœæ pozwalaj¹ca na przekazanie energii w³asnych tarcz do rêkawicy, by sformowaæ z niej wi¹zkê energii i wystrzeliæ j¹ w kierunku przeciwnika, zadaj¹c mu obra¿enia równie¿ jeœli ma na sobie tarcze.
90;Dysruptor fazowy;2;50;50;8;5;0;0;0;0;0;50;Biotyczne;Dysruptor fazowy to zdolnoœæ pozwalaj¹ca na przekazanie energii w³asnych tarcz do rêkawicy, by sformowaæ z niej wi¹zkê energii i wystrzeliæ j¹ w kierunku przeciwnika, zadaj¹c mu obra¿enia równie¿ jeœli ma na sobie tarcze.
91;Dysruptor fazowy;3;75;75;8;5;0;0;0;0;0;50;Biotyczne;Dysruptor fazowy to zdolnoœæ pozwalaj¹ca na przekazanie energii w³asnych tarcz do rêkawicy, by sformowaæ z niej wi¹zkê energii i wystrzeliæ j¹ w kierunku przeciwnika, zadaj¹c mu obra¿enia równie¿ jeœli ma na sobie tarcze.
92;Dysruptor fazowy;4A;75;75;7;5;0;0;0;0;0;50;Biotyczne;Dysruptor fazowy to zdolnoœæ pozwalaj¹ca na przekazanie energii w³asnych tarcz do rêkawicy, by sformowaæ z niej wi¹zkê energii i wystrzeliæ j¹ w kierunku przeciwnika, zadaj¹c mu obra¿enia równie¿ jeœli ma na sobie tarcze.
93;Dysruptor fazowy;4B;75;75;8;10;0;0;0;0;0;50;Biotyczne;Dysruptor fazowy to zdolnoœæ pozwalaj¹ca na przekazanie energii w³asnych tarcz do rêkawicy, by sformowaæ z niej wi¹zkê energii i wystrzeliæ j¹ w kierunku przeciwnika, zadaj¹c mu obra¿enia równie¿ jeœli ma na sobie tarcze.
94;Dysruptor fazowy;5AA;75;75;7;5;0;0;0;0;0;25;Biotyczne;Dysruptor fazowy to zdolnoœæ pozwalaj¹ca na przekazanie energii w³asnych tarcz do rêkawicy, by sformowaæ z niej wi¹zkê energii i wystrzeliæ j¹ w kierunku przeciwnika, zadaj¹c mu obra¿enia równie¿ jeœli ma na sobie tarcze.
95;Dysruptor fazowy;5AB;100;100;7;5;0;0;0;0;0;50;Biotyczne;Dysruptor fazowy to zdolnoœæ pozwalaj¹ca na przekazanie energii w³asnych tarcz do rêkawicy, by sformowaæ z niej wi¹zkê energii i wystrzeliæ j¹ w kierunku przeciwnika, zadaj¹c mu obra¿enia równie¿ jeœli ma na sobie tarcze.
96;Dysruptor fazowy;5BA;75;75;8;10;0;0;0;0;0;25;Biotyczne;Dysruptor fazowy to zdolnoœæ pozwalaj¹ca na przekazanie energii w³asnych tarcz do rêkawicy, by sformowaæ z niej wi¹zkê energii i wystrzeliæ j¹ w kierunku przeciwnika, zadaj¹c mu obra¿enia równie¿ jeœli ma na sobie tarcze.
97;Dysruptor fazowy;5BB;100;100;8;10;0;0;0;0;0;50;Biotyczne;Dysruptor fazowy to zdolnoœæ pozwalaj¹ca na przekazanie energii w³asnych tarcz do rêkawicy, by sformowaæ z niej wi¹zkê energii i wystrzeliæ j¹ w kierunku przeciwnika, zadaj¹c mu obra¿enia równie¿ jeœli ma na sobie tarcze.
98;Dysruptor fazowy;6AAA;75;75;7;5;0;0;0;0;0;25;Biotyczne;Dysruptor fazowy to zdolnoœæ pozwalaj¹ca na przekazanie energii w³asnych tarcz do rêkawicy, by sformowaæ z niej wi¹zkê energii i wystrzeliæ j¹ w kierunku przeciwnika, zadaj¹c mu obra¿enia równie¿ jeœli ma na sobie tarcze.
99;Dysruptor fazowy;6AAB;75;75;7;5;0;0;0;0;0;25;Biotyczne;Dysruptor fazowy to zdolnoœæ pozwalaj¹ca na przekazanie energii w³asnych tarcz do rêkawicy, by sformowaæ z niej wi¹zkê energii i wystrzeliæ j¹ w kierunku przeciwnika, zadaj¹c mu obra¿enia równie¿ jeœli ma na sobie tarcze.
100;Dysruptor fazowy;6ABB;100;100;7;5;0;0;0;0;0;50;Biotyczne;Dysruptor fazowy to zdolnoœæ pozwalaj¹ca na przekazanie energii w³asnych tarcz do rêkawicy, by sformowaæ z niej wi¹zkê energii i wystrzeliæ j¹ w kierunku przeciwnika, zadaj¹c mu obra¿enia równie¿ jeœli ma na sobie tarcze.
101;Dysruptor fazowy;6BBB;100;100;8;10;0;0;0;0;0;50;Biotyczne;Dysruptor fazowy to zdolnoœæ pozwalaj¹ca na przekazanie energii w³asnych tarcz do rêkawicy, by sformowaæ z niej wi¹zkê energii i wystrzeliæ j¹ w kierunku przeciwnika, zadaj¹c mu obra¿enia równie¿ jeœli ma na sobie tarcze.
102;Dysruptor fazowy;6BBA;100;100;8;10;0;0;0;0;0;50;Biotyczne;Dysruptor fazowy to zdolnoœæ pozwalaj¹ca na przekazanie energii w³asnych tarcz do rêkawicy, by sformowaæ z niej wi¹zkê energii i wystrzeliæ j¹ w kierunku przeciwnika, zadaj¹c mu obra¿enia równie¿ jeœli ma na sobie tarcze.
103;Dysruptor fazowy;6BAA;75;75;8;10;0;0;0;0;0;25;Biotyczne;Dysruptor fazowy to zdolnoœæ pozwalaj¹ca na przekazanie energii w³asnych tarcz do rêkawicy, by sformowaæ z niej wi¹zkê energii i wystrzeliæ j¹ w kierunku przeciwnika, zadaj¹c mu obra¿enia równie¿ jeœli ma na sobie tarcze.
104;Dysruptor fazowy;6ABA;100;100;7;5;0;0;0;0;0;50;Biotyczne;Dysruptor fazowy to zdolnoœæ pozwalaj¹ca na przekazanie energii w³asnych tarcz do rêkawicy, by sformowaæ z niej wi¹zkê energii i wystrzeliæ j¹ w kierunku przeciwnika, zadaj¹c mu obra¿enia równie¿ jeœli ma na sobie tarcze.
105;Dysruptor fazowy;6BAB;75;75;8;10;0;0;0;0;0;25;Biotyczne;Dysruptor fazowy to zdolnoœæ pozwalaj¹ca na przekazanie energii w³asnych tarcz do rêkawicy, by sformowaæ z niej wi¹zkê energii i wystrzeliæ j¹ w kierunku przeciwnika, zadaj¹c mu obra¿enia równie¿ jeœli ma na sobie tarcze.
106;Dysruptor fazowy (na³adowany);6AAA;150;150;7;5;0;0;0;0;0;25;Biotyczne;Dysruptor fazowy to zdolnoœæ pozwalaj¹ca na przekazanie energii w³asnych tarcz do rêkawicy, by sformowaæ z niej wi¹zkê energii i wystrzeliæ j¹ w kierunku przeciwnika, zadaj¹c mu obra¿enia równie¿ jeœli ma na sobie tarcze.
107;Dysruptor fazowy (na³adowany);6BBA;150;150;8;10;0;0;0;0;0;50;Biotyczne;Dysruptor fazowy to zdolnoœæ pozwalaj¹ca na przekazanie energii w³asnych tarcz do rêkawicy, by sformowaæ z niej wi¹zkê energii i wystrzeliæ j¹ w kierunku przeciwnika, zadaj¹c mu obra¿enia równie¿ jeœli ma na sobie tarcze.
108;Dysruptor fazowy (na³adowany);6BAA;150;150;8;10;0;0;0;0;0;25;Biotyczne;Dysruptor fazowy to zdolnoœæ pozwalaj¹ca na przekazanie energii w³asnych tarcz do rêkawicy, by sformowaæ z niej wi¹zkê energii i wystrzeliæ j¹ w kierunku przeciwnika, zadaj¹c mu obra¿enia równie¿ jeœli ma na sobie tarcze.
109;Dysruptor fazowy (na³adowany);6ABA;150;150;7;5;0;0;0;0;0;50;Biotyczne;Dysruptor fazowy to zdolnoœæ pozwalaj¹ca na przekazanie energii w³asnych tarcz do rêkawicy, by sformowaæ z niej wi¹zkê energii i wystrzeliæ j¹ w kierunku przeciwnika, zadaj¹c mu obra¿enia równie¿ jeœli ma na sobie tarcze.
110;Odkszta³cenie;1;200;200;8;0;0;0;0;0;0;0;Biotyczne;Blablabla
111;Odkszta³cenie;2;200;200;8;5;0;0;0;0;0;0;Biotyczne;Blablabla
112;Odkszta³cenie;3;210;210;8;5;0;0;0;0;0;0;Biotyczne;Blablabla
113;Odkszta³cenie;4A;210;210;8;5;0;0;0;0;0;0;Biotyczne;Blablabla
114;Odkszta³cenie;4B;210;210;8;5;0;0;0;0;0;0;Biotyczne;Blablabla
115;Odkszta³cenie;5AA;210;210;8;5;0;0;0;0;0;0;Biotyczne;Blablabla
116;Odkszta³cenie;5AB;260;260;8;5;0;0;0;0;0;0;Biotyczne;Blablabla
117;Odkszta³cenie;5BA;210;210;8;5;0;0;0;0;0;0;Biotyczne;Blablabla
118;Odkszta³cenie;5BB;260;260;8;5;0;0;0;0;0;0;Biotyczne;Blablabla
119;Odkszta³cenie;6AAA;210;210;7;5;0;0;0;0;0;0;Biotyczne;Blablabla
120;Odkszta³cenie;6AAB;210;210;8;5;0;0;0;0;0;0;Biotyczne;Blablabla
121;Odkszta³cenie;6ABB;260;260;8;5;0;0;0;0;0;0;Biotyczne;Blablabla
122;Odkszta³cenie;6BBB;260;260;8;5;0;0;0;0;0;0;Biotyczne;Blablabla
123;Odkszta³cenie;6BBA;260;260;7;5;0;0;0;0;0;0;Biotyczne;Blablabla
124;Odkszta³cenie;6BAA;210;210;7;5;0;0;0;0;0;0;Biotyczne;Blablabla
125;Odkszta³cenie;6ABA;260;260;7;5;0;0;0;0;0;0;Biotyczne;Blablabla
126;Odkszta³cenie;6BAB;210;210;8;5;0;0;0;0;0;0;Biotyczne;Blablabla
127;Osobliwoœæ;1;0;0;8;0;0;0;0;0;100;0;Biotyczne;Blablabla
128;Osobliwoœæ;2;0;0;8;0;0;0;0;0;100;0;Biotyczne;Blablabla
129;Osobliwoœæ;3;0;0;8;5;0;0;0;0;100;0;Biotyczne;Blablabla
130;Osobliwoœæ;4A;0;0;8;5;0;0;0;0;100;0;Biotyczne;Blablabla
131;Osobliwoœæ;4B;0;0;8;5;0;0;0;0;100;0;Biotyczne;Blablabla
132;Osobliwoœæ;5AA;0;0;8;5;0;0;0;0;100;0;Biotyczne;Blablabla
133;Osobliwoœæ;5AB;0;0;8;5;0;0;0;0;100;0;Biotyczne;Blablabla
134;Osobliwoœæ;5BA;0;0;8;5;0;0;0;0;100;0;Biotyczne;Blablabla
135;Osobliwoœæ;5BB;0;0;8;5;0;0;0;0;100;0;Biotyczne;Blablabla
136;Osobliwoœæ;6AAA;70;70;8;5;0;0;0;0;100;0;Biotyczne;Blablabla
137;Osobliwoœæ;6AAB;0;0;8;5;0;0;0;0;100;0;Biotyczne;Blablabla
138;Osobliwoœæ;6ABB;0;0;8;5;0;0;0;0;100;0;Biotyczne;Blablabla
139;Osobliwoœæ;6BBB;0;0;8;5;0;0;0;0;100;0;Biotyczne;Blablabla
140;Osobliwoœæ;6BBA;70;70;8;5;0;0;0;0;100;0;Biotyczne;Blablabla
141;Osobliwoœæ;6BAA;70;70;8;5;0;0;0;0;100;0;Biotyczne;Blablabla
142;Osobliwoœæ;6ABA;70;70;8;5;0;0;0;0;100;0;Biotyczne;Blablabla
143;Osobliwoœæ;6BAB;0;0;8;5;0;0;0;0;100;0;Biotyczne;Blablabla
144;Zastój;1;0;0;10;0;0;0;0;0;0;0;Biotyczne;Blablabla
145;Zastój;2;0;0;10;5;0;0;0;0;0;0;Biotyczne;Blablabla
146;Zastój;3;0;0;10;5;0;0;0;0;0;0;Biotyczne;Blablabla
147;Zastój;4A;0;0;10;5;0;0;0;0;0;0;Biotyczne;Blablabla
148;Zastój;4B;0;0;10;5;0;0;0;0;0;0;Biotyczne;Blablabla
149;Zastój;5AA;0;0;10;5;0;0;0;0;0;0;Biotyczne;Blablabla
150;Zastój;5AB;0;0;9;5;0;0;0;0;0;0;Biotyczne;Blablabla
151;Zastój;5BA;0;0;10;5;0;0;0;0;0;0;Biotyczne;Blablabla
152;Zastój;5BB;0;0;9;5;0;0;0;0;0;0;Biotyczne;Blablabla
153;Zastój;6AAA;0;0;10;5;0;0;0;0;0;0;Biotyczne;Blablabla
154;Zastój;6AAB;0;0;10;5;0;0;0;0;0;0;Biotyczne;Blablabla
155;Zastój;6ABB;0;0;9;5;0;0;0;0;0;0;Biotyczne;Blablabla
156;Zastój;6BBB;0;0;9;5;0;0;0;0;0;0;Biotyczne;Blablabla
157;Zastój;6BBA;0;0;9;5;0;0;0;0;0;0;Biotyczne;Blablabla
158;Zastój;6BAA;0;0;10;5;0;0;0;0;0;0;Biotyczne;Blablabla
159;Zastój;6ABA;0;0;9;5;0;0;0;0;0;0;Biotyczne;Blablabla
160;Zastój;6BAB;0;0;10;5;0;0;0;0;0;0;Biotyczne;Blablabla
161;Kula Biotyczna;1;0;0;10;0;0;0;0;0;0;0;Biotyczne;Kula biotyczna to generowana wokó³ u¿ytkownika sfera chroni¹ca osoby bêd¹ce wewn¹trz niej w momencie tworzenia siê i utrudniaj¹ca trafienie ich przez osoby na zewn¹trz. U¿ytkownik nie wybiera, kogo kula rozpoznaje jako sojusznika, a kogo jako przeciwnika - decyduje o tym kto znalaz³ siê w promieniu jej dzia³ania w momencie stworzenia.
162;Kula Biotyczna;2;0;0;10;5;0;0;0;0;0;0;Biotyczne;Kula biotyczna to generowana wokó³ u¿ytkownika sfera chroni¹ca osoby bêd¹ce wewn¹trz niej w momencie tworzenia siê i utrudniaj¹ca trafienie ich przez osoby na zewn¹trz. U¿ytkownik nie wybiera, kogo kula rozpoznaje jako sojusznika, a kogo jako przeciwnika - decyduje o tym kto znalaz³ siê w promieniu jej dzia³ania w momencie stworzenia.
163;Kula Biotyczna;3;0;0;10;5;0;0;0;0;0;0;Biotyczne;Kula biotyczna to generowana wokó³ u¿ytkownika sfera chroni¹ca osoby bêd¹ce wewn¹trz niej w momencie tworzenia siê i utrudniaj¹ca trafienie ich przez osoby na zewn¹trz. U¿ytkownik nie wybiera, kogo kula rozpoznaje jako sojusznika, a kogo jako przeciwnika - decyduje o tym kto znalaz³ siê w promieniu jej dzia³ania w momencie stworzenia.
164;Kula Biotyczna;4A;0;0;10;5;0;0;0;0;0;0;Biotyczne;Kula biotyczna to generowana wokó³ u¿ytkownika sfera chroni¹ca osoby bêd¹ce wewn¹trz niej w momencie tworzenia siê i utrudniaj¹ca trafienie ich przez osoby na zewn¹trz. U¿ytkownik nie wybiera, kogo kula rozpoznaje jako sojusznika, a kogo jako przeciwnika - decyduje o tym kto znalaz³ siê w promieniu jej dzia³ania w momencie stworzenia.
165;Kula Biotyczna;4B;0;0;10;5;0;0;0;0;0;0;Biotyczne;Kula biotyczna to generowana wokó³ u¿ytkownika sfera chroni¹ca osoby bêd¹ce wewn¹trz niej w momencie tworzenia siê i utrudniaj¹ca trafienie ich przez osoby na zewn¹trz. U¿ytkownik nie wybiera, kogo kula rozpoznaje jako sojusznika, a kogo jako przeciwnika - decyduje o tym kto znalaz³ siê w promieniu jej dzia³ania w momencie stworzenia.
166;Kula Biotyczna;5AA;0;0;10;5;0;0;0;0;0;0;Biotyczne;Kula biotyczna to generowana wokó³ u¿ytkownika sfera chroni¹ca osoby bêd¹ce wewn¹trz niej w momencie tworzenia siê i utrudniaj¹ca trafienie ich przez osoby na zewn¹trz. U¿ytkownik nie wybiera, kogo kula rozpoznaje jako sojusznika, a kogo jako przeciwnika - decyduje o tym kto znalaz³ siê w promieniu jej dzia³ania w momencie stworzenia.
167;Kula Biotyczna;5AB;0;0;9;5;0;0;0;0;0;0;Biotyczne;Kula biotyczna to generowana wokó³ u¿ytkownika sfera chroni¹ca osoby bêd¹ce wewn¹trz niej w momencie tworzenia siê i utrudniaj¹ca trafienie ich przez osoby na zewn¹trz. U¿ytkownik nie wybiera, kogo kula rozpoznaje jako sojusznika, a kogo jako przeciwnika - decyduje o tym kto znalaz³ siê w promieniu jej dzia³ania w momencie stworzenia.
168;Kula Biotyczna;5BA;0;0;10;5;0;0;0;0;0;0;Biotyczne;Kula biotyczna to generowana wokó³ u¿ytkownika sfera chroni¹ca osoby bêd¹ce wewn¹trz niej w momencie tworzenia siê i utrudniaj¹ca trafienie ich przez osoby na zewn¹trz. U¿ytkownik nie wybiera, kogo kula rozpoznaje jako sojusznika, a kogo jako przeciwnika - decyduje o tym kto znalaz³ siê w promieniu jej dzia³ania w momencie stworzenia.
169;Kula Biotyczna;5BB;0;0;9;5;0;0;0;0;0;0;Biotyczne;Kula biotyczna to generowana wokó³ u¿ytkownika sfera chroni¹ca osoby bêd¹ce wewn¹trz niej w momencie tworzenia siê i utrudniaj¹ca trafienie ich przez osoby na zewn¹trz. U¿ytkownik nie wybiera, kogo kula rozpoznaje jako sojusznika, a kogo jako przeciwnika - decyduje o tym kto znalaz³ siê w promieniu jej dzia³ania w momencie stworzenia.
170;Kula Biotyczna;6AAA;0;0;10;5;0;0;0;0;0;0;Biotyczne;Kula biotyczna to generowana wokó³ u¿ytkownika sfera chroni¹ca osoby bêd¹ce wewn¹trz niej w momencie tworzenia siê i utrudniaj¹ca trafienie ich przez osoby na zewn¹trz. U¿ytkownik nie wybiera, kogo kula rozpoznaje jako sojusznika, a kogo jako przeciwnika - decyduje o tym kto znalaz³ siê w promieniu jej dzia³ania w momencie stworzenia.
171;Kula Biotyczna;6AAB;0;0;10;5;0;0;0;0;0;0;Biotyczne;Kula biotyczna to generowana wokó³ u¿ytkownika sfera chroni¹ca osoby bêd¹ce wewn¹trz niej w momencie tworzenia siê i utrudniaj¹ca trafienie ich przez osoby na zewn¹trz. U¿ytkownik nie wybiera, kogo kula rozpoznaje jako sojusznika, a kogo jako przeciwnika - decyduje o tym kto znalaz³ siê w promieniu jej dzia³ania w momencie stworzenia.
172;Kula Biotyczna;6ABB;0;0;9;5;0;0;0;0;0;0;Biotyczne;Kula biotyczna to generowana wokó³ u¿ytkownika sfera chroni¹ca osoby bêd¹ce wewn¹trz niej w momencie tworzenia siê i utrudniaj¹ca trafienie ich przez osoby na zewn¹trz. U¿ytkownik nie wybiera, kogo kula rozpoznaje jako sojusznika, a kogo jako przeciwnika - decyduje o tym kto znalaz³ siê w promieniu jej dzia³ania w momencie stworzenia.
173;Kula Biotyczna;6BBB;0;0;9;5;0;0;0;0;0;0;Biotyczne;Kula biotyczna to generowana wokó³ u¿ytkownika sfera chroni¹ca osoby bêd¹ce wewn¹trz niej w momencie tworzenia siê i utrudniaj¹ca trafienie ich przez osoby na zewn¹trz. U¿ytkownik nie wybiera, kogo kula rozpoznaje jako sojusznika, a kogo jako przeciwnika - decyduje o tym kto znalaz³ siê w promieniu jej dzia³ania w momencie stworzenia.
174;Kula Biotyczna;6BBA;0;0;9;5;0;0;0;0;0;0;Biotyczne;Kula biotyczna to generowana wokó³ u¿ytkownika sfera chroni¹ca osoby bêd¹ce wewn¹trz niej w momencie tworzenia siê i utrudniaj¹ca trafienie ich przez osoby na zewn¹trz. U¿ytkownik nie wybiera, kogo kula rozpoznaje jako sojusznika, a kogo jako przeciwnika - decyduje o tym kto znalaz³ siê w promieniu jej dzia³ania w momencie stworzenia.
175;Kula Biotyczna;6BAA;0;0;10;5;0;0;0;0;0;0;Biotyczne;Kula biotyczna to generowana wokó³ u¿ytkownika sfera chroni¹ca osoby bêd¹ce wewn¹trz niej w momencie tworzenia siê i utrudniaj¹ca trafienie ich przez osoby na zewn¹trz. U¿ytkownik nie wybiera, kogo kula rozpoznaje jako sojusznika, a kogo jako przeciwnika - decyduje o tym kto znalaz³ siê w promieniu jej dzia³ania w momencie stworzenia.
176;Kula Biotyczna;6ABA;0;0;9;5;0;0;0;0;0;0;Biotyczne;Kula biotyczna to generowana wokó³ u¿ytkownika sfera chroni¹ca osoby bêd¹ce wewn¹trz niej w momencie tworzenia siê i utrudniaj¹ca trafienie ich przez osoby na zewn¹trz. U¿ytkownik nie wybiera, kogo kula rozpoznaje jako sojusznika, a kogo jako przeciwnika - decyduje o tym kto znalaz³ siê w promieniu jej dzia³ania w momencie stworzenia.
177;Kula Biotyczna;6BAB;0;0;10;5;0;0;0;0;0;0;Biotyczne;Kula biotyczna to generowana wokó³ u¿ytkownika sfera chroni¹ca osoby bêd¹ce wewn¹trz niej w momencie tworzenia siê i utrudniaj¹ca trafienie ich przez osoby na zewn¹trz. U¿ytkownik nie wybiera, kogo kula rozpoznaje jako sojusznika, a kogo jako przeciwnika - decyduje o tym kto znalaz³ siê w promieniu jej dzia³ania w momencie stworzenia.
178;Skupienie biotyczne;1;0;0;10;0;0;0;0;0;0;0;Biotyczne;Skupienie biotyczne pozwala u¿ytkownikowi na wzmocnienie struktury miêœni za pomoc¹ biotyki, czego efektem jest zmniejszenie otrzymywanych przez niego obra¿eñ, oraz zwiêkszenie tych zadawanych w walce wrêcz. Dodatkowo, na czas trwania zdolnoœci postaæ jest w stanie poruszaæ siê szybciej ni¿ przeciwnicy, co czyni j¹ trudniejsz¹ do trafienia w walce.
179;Skupienie biotyczne;2;0;0;10;5;0;0;0;0;0;0;Biotyczne;Skupienie biotyczne pozwala u¿ytkownikowi na wzmocnienie struktury miêœni za pomoc¹ biotyki, czego efektem jest zmniejszenie otrzymywanych przez niego obra¿eñ, oraz zwiêkszenie tych zadawanych w walce wrêcz. Dodatkowo, na czas trwania zdolnoœci postaæ jest w stanie poruszaæ siê szybciej ni¿ przeciwnicy, co czyni j¹ trudniejsz¹ do trafienia w walce.
180;Skupienie biotyczne;3;0;0;10;5;0;0;0;0;0;0;Biotyczne;Skupienie biotyczne pozwala u¿ytkownikowi na wzmocnienie struktury miêœni za pomoc¹ biotyki, czego efektem jest zmniejszenie otrzymywanych przez niego obra¿eñ, oraz zwiêkszenie tych zadawanych w walce wrêcz. Dodatkowo, na czas trwania zdolnoœci postaæ jest w stanie poruszaæ siê szybciej ni¿ przeciwnicy, co czyni j¹ trudniejsz¹ do trafienia w walce.
181;Skupienie biotyczne;4A;0;0;10;5;0;0;0;0;0;0;Biotyczne;Skupienie biotyczne pozwala u¿ytkownikowi na wzmocnienie struktury miêœni za pomoc¹ biotyki, czego efektem jest zmniejszenie otrzymywanych przez niego obra¿eñ, oraz zwiêkszenie tych zadawanych w walce wrêcz. Dodatkowo, na czas trwania zdolnoœci postaæ jest w stanie poruszaæ siê szybciej ni¿ przeciwnicy, co czyni j¹ trudniejsz¹ do trafienia w walce.
182;Skupienie biotyczne;4B;0;0;10;5;0;0;0;0;0;0;Biotyczne;Skupienie biotyczne pozwala u¿ytkownikowi na wzmocnienie struktury miêœni za pomoc¹ biotyki, czego efektem jest zmniejszenie otrzymywanych przez niego obra¿eñ, oraz zwiêkszenie tych zadawanych w walce wrêcz. Dodatkowo, na czas trwania zdolnoœci postaæ jest w stanie poruszaæ siê szybciej ni¿ przeciwnicy, co czyni j¹ trudniejsz¹ do trafienia w walce.
183;Skupienie biotyczne;5AA;0;0;10;5;0;0;0;0;0;0;Biotyczne;Skupienie biotyczne pozwala u¿ytkownikowi na wzmocnienie struktury miêœni za pomoc¹ biotyki, czego efektem jest zmniejszenie otrzymywanych przez niego obra¿eñ, oraz zwiêkszenie tych zadawanych w walce wrêcz. Dodatkowo, na czas trwania zdolnoœci postaæ jest w stanie poruszaæ siê szybciej ni¿ przeciwnicy, co czyni j¹ trudniejsz¹ do trafienia w walce.
184;Skupienie biotyczne;5AB;0;0;10;5;0;0;0;0;0;0;Biotyczne;Skupienie biotyczne pozwala u¿ytkownikowi na wzmocnienie struktury miêœni za pomoc¹ biotyki, czego efektem jest zmniejszenie otrzymywanych przez niego obra¿eñ, oraz zwiêkszenie tych zadawanych w walce wrêcz. Dodatkowo, na czas trwania zdolnoœci postaæ jest w stanie poruszaæ siê szybciej ni¿ przeciwnicy, co czyni j¹ trudniejsz¹ do trafienia w walce.
185;Skupienie biotyczne;5BA;0;0;10;5;0;0;0;0;0;0;Biotyczne;Skupienie biotyczne pozwala u¿ytkownikowi na wzmocnienie struktury miêœni za pomoc¹ biotyki, czego efektem jest zmniejszenie otrzymywanych przez niego obra¿eñ, oraz zwiêkszenie tych zadawanych w walce wrêcz. Dodatkowo, na czas trwania zdolnoœci postaæ jest w stanie poruszaæ siê szybciej ni¿ przeciwnicy, co czyni j¹ trudniejsz¹ do trafienia w walce.
186;Skupienie biotyczne;5BB;0;0;10;5;0;0;0;0;0;0;Biotyczne;Skupienie biotyczne pozwala u¿ytkownikowi na wzmocnienie struktury miêœni za pomoc¹ biotyki, czego efektem jest zmniejszenie otrzymywanych przez niego obra¿eñ, oraz zwiêkszenie tych zadawanych w walce wrêcz. Dodatkowo, na czas trwania zdolnoœci postaæ jest w stanie poruszaæ siê szybciej ni¿ przeciwnicy, co czyni j¹ trudniejsz¹ do trafienia w walce.
187;Skupienie biotyczne;6AAA;0;0;10;5;0;0;0;0;0;0;Biotyczne;Skupienie biotyczne pozwala u¿ytkownikowi na wzmocnienie struktury miêœni za pomoc¹ biotyki, czego efektem jest zmniejszenie otrzymywanych przez niego obra¿eñ, oraz zwiêkszenie tych zadawanych w walce wrêcz. Dodatkowo, na czas trwania zdolnoœci postaæ jest w stanie poruszaæ siê szybciej ni¿ przeciwnicy, co czyni j¹ trudniejsz¹ do trafienia w walce.
188;Skupienie biotyczne;6AAB;0;0;10;5;0;0;0;0;0;0;Biotyczne;Skupienie biotyczne pozwala u¿ytkownikowi na wzmocnienie struktury miêœni za pomoc¹ biotyki, czego efektem jest zmniejszenie otrzymywanych przez niego obra¿eñ, oraz zwiêkszenie tych zadawanych w walce wrêcz. Dodatkowo, na czas trwania zdolnoœci postaæ jest w stanie poruszaæ siê szybciej ni¿ przeciwnicy, co czyni j¹ trudniejsz¹ do trafienia w walce.
189;Skupienie biotyczne;6ABB;0;0;10;5;0;0;0;0;0;0;Biotyczne;Skupienie biotyczne pozwala u¿ytkownikowi na wzmocnienie struktury miêœni za pomoc¹ biotyki, czego efektem jest zmniejszenie otrzymywanych przez niego obra¿eñ, oraz zwiêkszenie tych zadawanych w walce wrêcz. Dodatkowo, na czas trwania zdolnoœci postaæ jest w stanie poruszaæ siê szybciej ni¿ przeciwnicy, co czyni j¹ trudniejsz¹ do trafienia w walce.
190;Skupienie biotyczne;6BBB;0;0;10;5;0;0;0;0;0;0;Biotyczne;Skupienie biotyczne pozwala u¿ytkownikowi na wzmocnienie struktury miêœni za pomoc¹ biotyki, czego efektem jest zmniejszenie otrzymywanych przez niego obra¿eñ, oraz zwiêkszenie tych zadawanych w walce wrêcz. Dodatkowo, na czas trwania zdolnoœci postaæ jest w stanie poruszaæ siê szybciej ni¿ przeciwnicy, co czyni j¹ trudniejsz¹ do trafienia w walce.
191;Skupienie biotyczne;6BBA;0;0;10;5;0;0;0;0;0;0;Biotyczne;Skupienie biotyczne pozwala u¿ytkownikowi na wzmocnienie struktury miêœni za pomoc¹ biotyki, czego efektem jest zmniejszenie otrzymywanych przez niego obra¿eñ, oraz zwiêkszenie tych zadawanych w walce wrêcz. Dodatkowo, na czas trwania zdolnoœci postaæ jest w stanie poruszaæ siê szybciej ni¿ przeciwnicy, co czyni j¹ trudniejsz¹ do trafienia w walce.
192;Skupienie biotyczne;6BAA;0;0;10;5;0;0;0;0;0;0;Biotyczne;Skupienie biotyczne pozwala u¿ytkownikowi na wzmocnienie struktury miêœni za pomoc¹ biotyki, czego efektem jest zmniejszenie otrzymywanych przez niego obra¿eñ, oraz zwiêkszenie tych zadawanych w walce wrêcz. Dodatkowo, na czas trwania zdolnoœci postaæ jest w stanie poruszaæ siê szybciej ni¿ przeciwnicy, co czyni j¹ trudniejsz¹ do trafienia w walce.
193;Skupienie biotyczne;6ABA;0;0;10;5;0;0;0;0;0;0;Biotyczne;Skupienie biotyczne pozwala u¿ytkownikowi na wzmocnienie struktury miêœni za pomoc¹ biotyki, czego efektem jest zmniejszenie otrzymywanych przez niego obra¿eñ, oraz zwiêkszenie tych zadawanych w walce wrêcz. Dodatkowo, na czas trwania zdolnoœci postaæ jest w stanie poruszaæ siê szybciej ni¿ przeciwnicy, co czyni j¹ trudniejsz¹ do trafienia w walce.
194;Skupienie biotyczne;6BAB;0;0;10;5;0;0;0;0;0;0;Biotyczne;Skupienie biotyczne pozwala u¿ytkownikowi na wzmocnienie struktury miêœni za pomoc¹ biotyki, czego efektem jest zmniejszenie otrzymywanych przez niego obra¿eñ, oraz zwiêkszenie tych zadawanych w walce wrêcz. Dodatkowo, na czas trwania zdolnoœci postaæ jest w stanie poruszaæ siê szybciej ni¿ przeciwnicy, co czyni j¹ trudniejsz¹ do trafienia w walce.
195;Skok adrenaliny;1;0;0;5;0;0;0;0;0;0;0;Bojowe;Skok adrenaliny wyzwala u ¿o³nierza wiêksz¹ iloœæ tego hormonu w organizmie, dziêki czemu reaguje on b³yskawicznie, samemu widz¹c œwiat wrêcz w lekkim spowolnieniu. Dziêki temu mo¿e dok³adniej wycelowaæ z broni, jak i uchroniæ siê przed nadci¹gaj¹cym atakiem. Adrenalina mo¿e pomóc zignorowaæ ból wywo³any ranami, lub zmusiæ organizm do niezwyk³ego wysi³ku fizycznego, a tak¿e przyspieszyæ dzia³ania w czasie walki.
196;Skok adrenaliny;2;0;0;5;0;0;0;0;0;0;0;Bojowe;Skok adrenaliny wyzwala u ¿o³nierza wiêksz¹ iloœæ tego hormonu w organizmie, dziêki czemu reaguje on b³yskawicznie, samemu widz¹c œwiat wrêcz w lekkim spowolnieniu. Dziêki temu mo¿e dok³adniej wycelowaæ z broni, jak i uchroniæ siê przed nadci¹gaj¹cym atakiem. Adrenalina mo¿e pomóc zignorowaæ ból wywo³any ranami, lub zmusiæ organizm do niezwyk³ego wysi³ku fizycznego, a tak¿e przyspieszyæ dzia³ania w czasie walki.
197;Skok adrenaliny;3;0;0;5;0;0;0;0;0;0;0;Bojowe;Skok adrenaliny wyzwala u ¿o³nierza wiêksz¹ iloœæ tego hormonu w organizmie, dziêki czemu reaguje on b³yskawicznie, samemu widz¹c œwiat wrêcz w lekkim spowolnieniu. Dziêki temu mo¿e dok³adniej wycelowaæ z broni, jak i uchroniæ siê przed nadci¹gaj¹cym atakiem. Adrenalina mo¿e pomóc zignorowaæ ból wywo³any ranami, lub zmusiæ organizm do niezwyk³ego wysi³ku fizycznego, a tak¿e przyspieszyæ dzia³ania w czasie walki.
198;Skok adrenaliny;4A;0;0;5;0;0;0;0;0;0;0;Bojowe;Skok adrenaliny wyzwala u ¿o³nierza wiêksz¹ iloœæ tego hormonu w organizmie, dziêki czemu reaguje on b³yskawicznie, samemu widz¹c œwiat wrêcz w lekkim spowolnieniu. Dziêki temu mo¿e dok³adniej wycelowaæ z broni, jak i uchroniæ siê przed nadci¹gaj¹cym atakiem. Adrenalina mo¿e pomóc zignorowaæ ból wywo³any ranami, lub zmusiæ organizm do niezwyk³ego wysi³ku fizycznego, a tak¿e przyspieszyæ dzia³ania w czasie walki.
199;Skok adrenaliny;4B;0;0;5;0;0;0;0;0;0;0;Bojowe;Skok adrenaliny wyzwala u ¿o³nierza wiêksz¹ iloœæ tego hormonu w organizmie, dziêki czemu reaguje on b³yskawicznie, samemu widz¹c œwiat wrêcz w lekkim spowolnieniu. Dziêki temu mo¿e dok³adniej wycelowaæ z broni, jak i uchroniæ siê przed nadci¹gaj¹cym atakiem. Adrenalina mo¿e pomóc zignorowaæ ból wywo³any ranami, lub zmusiæ organizm do niezwyk³ego wysi³ku fizycznego, a tak¿e przyspieszyæ dzia³ania w czasie walki.
200;Skok adrenaliny;5AA;0;0;4;0;0;0;0;0;0;0;Bojowe;Skok adrenaliny wyzwala u ¿o³nierza wiêksz¹ iloœæ tego hormonu w organizmie, dziêki czemu reaguje on b³yskawicznie, samemu widz¹c œwiat wrêcz w lekkim spowolnieniu. Dziêki temu mo¿e dok³adniej wycelowaæ z broni, jak i uchroniæ siê przed nadci¹gaj¹cym atakiem. Adrenalina mo¿e pomóc zignorowaæ ból wywo³any ranami, lub zmusiæ organizm do niezwyk³ego wysi³ku fizycznego, a tak¿e przyspieszyæ dzia³ania w czasie walki.
201;Skok adrenaliny;5AB;0;0;5;0;0;0;0;0;0;0;Bojowe;Skok adrenaliny wyzwala u ¿o³nierza wiêksz¹ iloœæ tego hormonu w organizmie, dziêki czemu reaguje on b³yskawicznie, samemu widz¹c œwiat wrêcz w lekkim spowolnieniu. Dziêki temu mo¿e dok³adniej wycelowaæ z broni, jak i uchroniæ siê przed nadci¹gaj¹cym atakiem. Adrenalina mo¿e pomóc zignorowaæ ból wywo³any ranami, lub zmusiæ organizm do niezwyk³ego wysi³ku fizycznego, a tak¿e przyspieszyæ dzia³ania w czasie walki.
202;Skok adrenaliny;5BA;0;0;4;0;0;0;0;0;0;0;Bojowe;Skok adrenaliny wyzwala u ¿o³nierza wiêksz¹ iloœæ tego hormonu w organizmie, dziêki czemu reaguje on b³yskawicznie, samemu widz¹c œwiat wrêcz w lekkim spowolnieniu. Dziêki temu mo¿e dok³adniej wycelowaæ z broni, jak i uchroniæ siê przed nadci¹gaj¹cym atakiem. Adrenalina mo¿e pomóc zignorowaæ ból wywo³any ranami, lub zmusiæ organizm do niezwyk³ego wysi³ku fizycznego, a tak¿e przyspieszyæ dzia³ania w czasie walki.
203;Skok adrenaliny;5BB;0;0;5;0;0;0;0;0;0;0;Bojowe;Skok adrenaliny wyzwala u ¿o³nierza wiêksz¹ iloœæ tego hormonu w organizmie, dziêki czemu reaguje on b³yskawicznie, samemu widz¹c œwiat wrêcz w lekkim spowolnieniu. Dziêki temu mo¿e dok³adniej wycelowaæ z broni, jak i uchroniæ siê przed nadci¹gaj¹cym atakiem. Adrenalina mo¿e pomóc zignorowaæ ból wywo³any ranami, lub zmusiæ organizm do niezwyk³ego wysi³ku fizycznego, a tak¿e przyspieszyæ dzia³ania w czasie walki.
204;Skok adrenaliny;6AAA;0;0;4;0;0;0;0;0;0;0;Bojowe;Skok adrenaliny wyzwala u ¿o³nierza wiêksz¹ iloœæ tego hormonu w organizmie, dziêki czemu reaguje on b³yskawicznie, samemu widz¹c œwiat wrêcz w lekkim spowolnieniu. Dziêki temu mo¿e dok³adniej wycelowaæ z broni, jak i uchroniæ siê przed nadci¹gaj¹cym atakiem. Adrenalina mo¿e pomóc zignorowaæ ból wywo³any ranami, lub zmusiæ organizm do niezwyk³ego wysi³ku fizycznego, a tak¿e przyspieszyæ dzia³ania w czasie walki.
205;Skok adrenaliny;6AAB;0;0;4;0;0;0;0;0;0;0;Bojowe;Skok adrenaliny wyzwala u ¿o³nierza wiêksz¹ iloœæ tego hormonu w organizmie, dziêki czemu reaguje on b³yskawicznie, samemu widz¹c œwiat wrêcz w lekkim spowolnieniu. Dziêki temu mo¿e dok³adniej wycelowaæ z broni, jak i uchroniæ siê przed nadci¹gaj¹cym atakiem. Adrenalina mo¿e pomóc zignorowaæ ból wywo³any ranami, lub zmusiæ organizm do niezwyk³ego wysi³ku fizycznego, a tak¿e przyspieszyæ dzia³ania w czasie walki.
206;Skok adrenaliny;6ABB;0;0;5;0;0;0;0;0;0;0;Bojowe;Skok adrenaliny wyzwala u ¿o³nierza wiêksz¹ iloœæ tego hormonu w organizmie, dziêki czemu reaguje on b³yskawicznie, samemu widz¹c œwiat wrêcz w lekkim spowolnieniu. Dziêki temu mo¿e dok³adniej wycelowaæ z broni, jak i uchroniæ siê przed nadci¹gaj¹cym atakiem. Adrenalina mo¿e pomóc zignorowaæ ból wywo³any ranami, lub zmusiæ organizm do niezwyk³ego wysi³ku fizycznego, a tak¿e przyspieszyæ dzia³ania w czasie walki.
207;Skok adrenaliny;6BBB;0;0;5;0;0;0;0;0;0;0;Bojowe;Skok adrenaliny wyzwala u ¿o³nierza wiêksz¹ iloœæ tego hormonu w organizmie, dziêki czemu reaguje on b³yskawicznie, samemu widz¹c œwiat wrêcz w lekkim spowolnieniu. Dziêki temu mo¿e dok³adniej wycelowaæ z broni, jak i uchroniæ siê przed nadci¹gaj¹cym atakiem. Adrenalina mo¿e pomóc zignorowaæ ból wywo³any ranami, lub zmusiæ organizm do niezwyk³ego wysi³ku fizycznego, a tak¿e przyspieszyæ dzia³ania w czasie walki.
208;Skok adrenaliny;6BBA;0;0;5;0;0;0;0;0;0;0;Bojowe;Skok adrenaliny wyzwala u ¿o³nierza wiêksz¹ iloœæ tego hormonu w organizmie, dziêki czemu reaguje on b³yskawicznie, samemu widz¹c œwiat wrêcz w lekkim spowolnieniu. Dziêki temu mo¿e dok³adniej wycelowaæ z broni, jak i uchroniæ siê przed nadci¹gaj¹cym atakiem. Adrenalina mo¿e pomóc zignorowaæ ból wywo³any ranami, lub zmusiæ organizm do niezwyk³ego wysi³ku fizycznego, a tak¿e przyspieszyæ dzia³ania w czasie walki.
209;Skok adrenaliny;6BAA;0;0;4;0;0;0;0;0;0;0;Bojowe;Skok adrenaliny wyzwala u ¿o³nierza wiêksz¹ iloœæ tego hormonu w organizmie, dziêki czemu reaguje on b³yskawicznie, samemu widz¹c œwiat wrêcz w lekkim spowolnieniu. Dziêki temu mo¿e dok³adniej wycelowaæ z broni, jak i uchroniæ siê przed nadci¹gaj¹cym atakiem. Adrenalina mo¿e pomóc zignorowaæ ból wywo³any ranami, lub zmusiæ organizm do niezwyk³ego wysi³ku fizycznego, a tak¿e przyspieszyæ dzia³ania w czasie walki.
210;Skok adrenaliny;6ABA;0;0;5;0;0;0;0;0;0;0;Bojowe;Skok adrenaliny wyzwala u ¿o³nierza wiêksz¹ iloœæ tego hormonu w organizmie, dziêki czemu reaguje on b³yskawicznie, samemu widz¹c œwiat wrêcz w lekkim spowolnieniu. Dziêki temu mo¿e dok³adniej wycelowaæ z broni, jak i uchroniæ siê przed nadci¹gaj¹cym atakiem. Adrenalina mo¿e pomóc zignorowaæ ból wywo³any ranami, lub zmusiæ organizm do niezwyk³ego wysi³ku fizycznego, a tak¿e przyspieszyæ dzia³ania w czasie walki.
211;Skok adrenaliny;6BAB;0;0;4;0;0;0;0;0;0;0;Bojowe;Skok adrenaliny wyzwala u ¿o³nierza wiêksz¹ iloœæ tego hormonu w organizmie, dziêki czemu reaguje on b³yskawicznie, samemu widz¹c œwiat wrêcz w lekkim spowolnieniu. Dziêki temu mo¿e dok³adniej wycelowaæ z broni, jak i uchroniæ siê przed nadci¹gaj¹cym atakiem. Adrenalina mo¿e pomóc zignorowaæ ból wywo³any ranami, lub zmusiæ organizm do niezwyk³ego wysi³ku fizycznego, a tak¿e przyspieszyæ dzia³ania w czasie walki.
212;Pakiet Stymulantów;1;0;0;7;0;0;0;0;0;0;0;Bojowe;Pakiet bêd¹cy na wyposa¿eniu wysoko wyszkolonych ¿o³nierzy - zawiera specjalnie zaprojektowan¹ mieszankê substancji stymulacyjnych, których dzia³anie polega na natychmiastowym zwiêkszeniu efektywnoœci w obecnie prowadzonej walce.
213;Pakiet Stymulantów;2;0;0;7;0;0;0;0;0;0;0;Bojowe;Pakiet bêd¹cy na wyposa¿eniu wysoko wyszkolonych ¿o³nierzy - zawiera specjalnie zaprojektowan¹ mieszankê substancji stymulacyjnych, których dzia³anie polega na natychmiastowym zwiêkszeniu efektywnoœci w obecnie prowadzonej walce.
214;Pakiet Stymulantów;3;0;0;7;0;0;0;0;0;0;0;Bojowe;Pakiet bêd¹cy na wyposa¿eniu wysoko wyszkolonych ¿o³nierzy - zawiera specjalnie zaprojektowan¹ mieszankê substancji stymulacyjnych, których dzia³anie polega na natychmiastowym zwiêkszeniu efektywnoœci w obecnie prowadzonej walce.
215;Pakiet Stymulantów;4A;0;0;7;0;0;0;0;0;0;0;Bojowe;Pakiet bêd¹cy na wyposa¿eniu wysoko wyszkolonych ¿o³nierzy - zawiera specjalnie zaprojektowan¹ mieszankê substancji stymulacyjnych, których dzia³anie polega na natychmiastowym zwiêkszeniu efektywnoœci w obecnie prowadzonej walce.
216;Pakiet Stymulantów;4B;0;0;7;0;0;0;0;0;0;0;Bojowe;Pakiet bêd¹cy na wyposa¿eniu wysoko wyszkolonych ¿o³nierzy - zawiera specjalnie zaprojektowan¹ mieszankê substancji stymulacyjnych, których dzia³anie polega na natychmiastowym zwiêkszeniu efektywnoœci w obecnie prowadzonej walce.
217;Pakiet Stymulantów;5AA;0;0;7;0;0;0;0;0;0;0;Bojowe;Pakiet bêd¹cy na wyposa¿eniu wysoko wyszkolonych ¿o³nierzy - zawiera specjalnie zaprojektowan¹ mieszankê substancji stymulacyjnych, których dzia³anie polega na natychmiastowym zwiêkszeniu efektywnoœci w obecnie prowadzonej walce.
218;Pakiet Stymulantów;5AB;0;0;6;0;0;0;0;0;0;0;Bojowe;Pakiet bêd¹cy na wyposa¿eniu wysoko wyszkolonych ¿o³nierzy - zawiera specjalnie zaprojektowan¹ mieszankê substancji stymulacyjnych, których dzia³anie polega na natychmiastowym zwiêkszeniu efektywnoœci w obecnie prowadzonej walce.
219;Pakiet Stymulantów;5BA;0;0;7;0;0;0;0;0;0;0;Bojowe;Pakiet bêd¹cy na wyposa¿eniu wysoko wyszkolonych ¿o³nierzy - zawiera specjalnie zaprojektowan¹ mieszankê substancji stymulacyjnych, których dzia³anie polega na natychmiastowym zwiêkszeniu efektywnoœci w obecnie prowadzonej walce.
220;Pakiet Stymulantów;5BB;0;0;6;0;0;0;0;0;0;0;Bojowe;Pakiet bêd¹cy na wyposa¿eniu wysoko wyszkolonych ¿o³nierzy - zawiera specjalnie zaprojektowan¹ mieszankê substancji stymulacyjnych, których dzia³anie polega na natychmiastowym zwiêkszeniu efektywnoœci w obecnie prowadzonej walce.
221;Pakiet Stymulantów;6AAA;0;0;7;0;0;0;0;0;0;0;Bojowe;Pakiet bêd¹cy na wyposa¿eniu wysoko wyszkolonych ¿o³nierzy - zawiera specjalnie zaprojektowan¹ mieszankê substancji stymulacyjnych, których dzia³anie polega na natychmiastowym zwiêkszeniu efektywnoœci w obecnie prowadzonej walce.
222;Pakiet Stymulantów;6AAB;0;0;7;0;0;0;0;0;0;0;Bojowe;Pakiet bêd¹cy na wyposa¿eniu wysoko wyszkolonych ¿o³nierzy - zawiera specjalnie zaprojektowan¹ mieszankê substancji stymulacyjnych, których dzia³anie polega na natychmiastowym zwiêkszeniu efektywnoœci w obecnie prowadzonej walce.
223;Pakiet Stymulantów;6ABB;0;0;6;0;0;0;0;0;0;0;Bojowe;Pakiet bêd¹cy na wyposa¿eniu wysoko wyszkolonych ¿o³nierzy - zawiera specjalnie zaprojektowan¹ mieszankê substancji stymulacyjnych, których dzia³anie polega na natychmiastowym zwiêkszeniu efektywnoœci w obecnie prowadzonej walce.
224;Pakiet Stymulantów;6BBB;0;0;6;0;0;0;0;0;0;0;Bojowe;Pakiet bêd¹cy na wyposa¿eniu wysoko wyszkolonych ¿o³nierzy - zawiera specjalnie zaprojektowan¹ mieszankê substancji stymulacyjnych, których dzia³anie polega na natychmiastowym zwiêkszeniu efektywnoœci w obecnie prowadzonej walce.
225;Pakiet Stymulantów;6BBA;0;0;6;0;0;0;0;0;0;0;Bojowe;Pakiet bêd¹cy na wyposa¿eniu wysoko wyszkolonych ¿o³nierzy - zawiera specjalnie zaprojektowan¹ mieszankê substancji stymulacyjnych, których dzia³anie polega na natychmiastowym zwiêkszeniu efektywnoœci w obecnie prowadzonej walce.
226;Pakiet Stymulantów;6BAA;0;0;7;0;0;0;0;0;0;0;Bojowe;Pakiet bêd¹cy na wyposa¿eniu wysoko wyszkolonych ¿o³nierzy - zawiera specjalnie zaprojektowan¹ mieszankê substancji stymulacyjnych, których dzia³anie polega na natychmiastowym zwiêkszeniu efektywnoœci w obecnie prowadzonej walce.
227;Pakiet Stymulantów;6ABA;0;0;6;0;0;0;0;0;0;0;Bojowe;Pakiet bêd¹cy na wyposa¿eniu wysoko wyszkolonych ¿o³nierzy - zawiera specjalnie zaprojektowan¹ mieszankê substancji stymulacyjnych, których dzia³anie polega na natychmiastowym zwiêkszeniu efektywnoœci w obecnie prowadzonej walce.
228;Pakiet Stymulantów;6BAB;0;0;7;0;0;0;0;0;0;0;Bojowe;Pakiet bêd¹cy na wyposa¿eniu wysoko wyszkolonych ¿o³nierzy - zawiera specjalnie zaprojektowan¹ mieszankê substancji stymulacyjnych, których dzia³anie polega na natychmiastowym zwiêkszeniu efektywnoœci w obecnie prowadzonej walce.
229;Szkolenie bojowe;1;0;0;0;0;0;0;0;0;0;0;Bojowe;Zdolnoœæ pasywna, skupiona na ró¿nych, potencjalnych œcie¿kach rozwoju postaci bojowych. Wp³ywa na wiele aspektów walki, g³ównie skupionej na korzystaniu z broni, daje te¿ mo¿liwoœci obrania bardziej defensywnych strategii. 
230;Szkolenie bojowe;2;0;0;0;0;0;0;0;0;0;0;Bojowe;Zdolnoœæ pasywna, skupiona na ró¿nych, potencjalnych œcie¿kach rozwoju postaci bojowych. Wp³ywa na wiele aspektów walki, g³ównie skupionej na korzystaniu z broni, daje te¿ mo¿liwoœci obrania bardziej defensywnych strategii. 
231;Szkolenie bojowe;3;0;0;0;0;0;0;0;0;0;0;Bojowe;Zdolnoœæ pasywna, skupiona na ró¿nych, potencjalnych œcie¿kach rozwoju postaci bojowych. Wp³ywa na wiele aspektów walki, g³ównie skupionej na korzystaniu z broni, daje te¿ mo¿liwoœci obrania bardziej defensywnych strategii. 
232;Szkolenie bojowe;4A;0;0;0;0;0;0;0;0;0;0;Bojowe;Zdolnoœæ pasywna, skupiona na ró¿nych, potencjalnych œcie¿kach rozwoju postaci bojowych. Wp³ywa na wiele aspektów walki, g³ównie skupionej na korzystaniu z broni, daje te¿ mo¿liwoœci obrania bardziej defensywnych strategii. 
233;Szkolenie bojowe;4B;0;0;0;0;0;0;0;0;0;0;Bojowe;Zdolnoœæ pasywna, skupiona na ró¿nych, potencjalnych œcie¿kach rozwoju postaci bojowych. Wp³ywa na wiele aspektów walki, g³ównie skupionej na korzystaniu z broni, daje te¿ mo¿liwoœci obrania bardziej defensywnych strategii. 
234;Szkolenie bojowe;5AA;0;0;0;0;0;0;0;0;0;0;Bojowe;Zdolnoœæ pasywna, skupiona na ró¿nych, potencjalnych œcie¿kach rozwoju postaci bojowych. Wp³ywa na wiele aspektów walki, g³ównie skupionej na korzystaniu z broni, daje te¿ mo¿liwoœci obrania bardziej defensywnych strategii. 
235;Szkolenie bojowe;5AB;0;0;0;0;0;0;0;0;0;0;Bojowe;Zdolnoœæ pasywna, skupiona na ró¿nych, potencjalnych œcie¿kach rozwoju postaci bojowych. Wp³ywa na wiele aspektów walki, g³ównie skupionej na korzystaniu z broni, daje te¿ mo¿liwoœci obrania bardziej defensywnych strategii. 
236;Szkolenie bojowe;5BA;0;0;0;0;0;0;0;0;0;0;Bojowe;Zdolnoœæ pasywna, skupiona na ró¿nych, potencjalnych œcie¿kach rozwoju postaci bojowych. Wp³ywa na wiele aspektów walki, g³ównie skupionej na korzystaniu z broni, daje te¿ mo¿liwoœci obrania bardziej defensywnych strategii. 
237;Szkolenie bojowe;5BB;0;0;0;0;0;0;0;0;0;0;Bojowe;Zdolnoœæ pasywna, skupiona na ró¿nych, potencjalnych œcie¿kach rozwoju postaci bojowych. Wp³ywa na wiele aspektów walki, g³ównie skupionej na korzystaniu z broni, daje te¿ mo¿liwoœci obrania bardziej defensywnych strategii. 
238;Szkolenie bojowe;6AAA;0;0;0;0;0;0;0;0;0;0;Bojowe;Zdolnoœæ pasywna, skupiona na ró¿nych, potencjalnych œcie¿kach rozwoju postaci bojowych. Wp³ywa na wiele aspektów walki, g³ównie skupionej na korzystaniu z broni, daje te¿ mo¿liwoœci obrania bardziej defensywnych strategii. 
239;Szkolenie bojowe;6AAB;0;0;0;0;0;0;0;0;0;0;Bojowe;Zdolnoœæ pasywna, skupiona na ró¿nych, potencjalnych œcie¿kach rozwoju postaci bojowych. Wp³ywa na wiele aspektów walki, g³ównie skupionej na korzystaniu z broni, daje te¿ mo¿liwoœci obrania bardziej defensywnych strategii. 
240;Szkolenie bojowe;6ABB;0;0;0;0;0;0;0;0;0;0;Bojowe;Zdolnoœæ pasywna, skupiona na ró¿nych, potencjalnych œcie¿kach rozwoju postaci bojowych. Wp³ywa na wiele aspektów walki, g³ównie skupionej na korzystaniu z broni, daje te¿ mo¿liwoœci obrania bardziej defensywnych strategii. 
241;Szkolenie bojowe;6BBB;0;0;0;0;0;0;0;0;0;0;Bojowe;Zdolnoœæ pasywna, skupiona na ró¿nych, potencjalnych œcie¿kach rozwoju postaci bojowych. Wp³ywa na wiele aspektów walki, g³ównie skupionej na korzystaniu z broni, daje te¿ mo¿liwoœci obrania bardziej defensywnych strategii. 
242;Szkolenie bojowe;6BBA;0;0;0;0;0;0;0;0;0;0;Bojowe;Zdolnoœæ pasywna, skupiona na ró¿nych, potencjalnych œcie¿kach rozwoju postaci bojowych. Wp³ywa na wiele aspektów walki, g³ównie skupionej na korzystaniu z broni, daje te¿ mo¿liwoœci obrania bardziej defensywnych strategii. 
243;Szkolenie bojowe;6BAA;0;0;0;0;0;0;0;0;0;0;Bojowe;Zdolnoœæ pasywna, skupiona na ró¿nych, potencjalnych œcie¿kach rozwoju postaci bojowych. Wp³ywa na wiele aspektów walki, g³ównie skupionej na korzystaniu z broni, daje te¿ mo¿liwoœci obrania bardziej defensywnych strategii. 
244;Szkolenie bojowe;6ABA;0;0;0;0;0;0;0;0;0;0;Bojowe;Zdolnoœæ pasywna, skupiona na ró¿nych, potencjalnych œcie¿kach rozwoju postaci bojowych. Wp³ywa na wiele aspektów walki, g³ównie skupionej na korzystaniu z broni, daje te¿ mo¿liwoœci obrania bardziej defensywnych strategii. 
245;Szkolenie bojowe;6BAB;0;0;0;0;0;0;0;0;0;0;Bojowe;Zdolnoœæ pasywna, skupiona na ró¿nych, potencjalnych œcie¿kach rozwoju postaci bojowych. Wp³ywa na wiele aspektów walki, g³ównie skupionej na korzystaniu z broni, daje te¿ mo¿liwoœci obrania bardziej defensywnych strategii. 
246;Strza³ wstrz¹sowy;1;50;50;5;0;0;100;0;0;0;0;Bojowe;Zdolnoœæ pozwala na wystrzelenie z broni pojedynczego, wzmocnionego pocisku, który mo¿e powaliæ wrogów. Porusza siê w linii prostej, mimo niewielkiej si³y jego atutem jest szybkostrzelnoœæ i wywo³ywanie eksplozji, jeœli cel znajduje siê pod wp³ywem jednego z efektów specjalnych.
247;Strza³ wstrz¹sowy;2;80;80;5;0;100;100;0;0;0;0;Bojowe;Zdolnoœæ pozwala na wystrzelenie z broni pojedynczego, wzmocnionego pocisku, który mo¿e powaliæ wrogów. Porusza siê w linii prostej, mimo niewielkiej si³y jego atutem jest szybkostrzelnoœæ i wywo³ywanie eksplozji, jeœli cel znajduje siê pod wp³ywem jednego z efektów specjalnych.
248;Strza³ wstrz¹sowy;3;80;80;5;5;100;100;0;0;0;0;Bojowe;Zdolnoœæ pozwala na wystrzelenie z broni pojedynczego, wzmocnionego pocisku, który mo¿e powaliæ wrogów. Porusza siê w linii prostej, mimo niewielkiej si³y jego atutem jest szybkostrzelnoœæ i wywo³ywanie eksplozji, jeœli cel znajduje siê pod wp³ywem jednego z efektów specjalnych.
249;Strza³ wstrz¹sowy;4A;80;80;5;5;100;100;0;0;0;0;Bojowe;Zdolnoœæ pozwala na wystrzelenie z broni pojedynczego, wzmocnionego pocisku, który mo¿e powaliæ wrogów. Porusza siê w linii prostej, mimo niewielkiej si³y jego atutem jest szybkostrzelnoœæ i wywo³ywanie eksplozji, jeœli cel znajduje siê pod wp³ywem jednego z efektów specjalnych.
250;Strza³ wstrz¹sowy;4B;80;80;5;5;100;100;0;0;0;0;Bojowe;Zdolnoœæ pozwala na wystrzelenie z broni pojedynczego, wzmocnionego pocisku, który mo¿e powaliæ wrogów. Porusza siê w linii prostej, mimo niewielkiej si³y jego atutem jest szybkostrzelnoœæ i wywo³ywanie eksplozji, jeœli cel znajduje siê pod wp³ywem jednego z efektów specjalnych.
251;Strza³ wstrz¹sowy;5AA;80;80;4;5;100;100;0;0;0;0;Bojowe;Zdolnoœæ pozwala na wystrzelenie z broni pojedynczego, wzmocnionego pocisku, który mo¿e powaliæ wrogów. Porusza siê w linii prostej, mimo niewielkiej si³y jego atutem jest szybkostrzelnoœæ i wywo³ywanie eksplozji, jeœli cel znajduje siê pod wp³ywem jednego z efektów specjalnych.
252;Strza³ wstrz¹sowy;5AB;80;80;5;5;100;100;0;0;0;0;Bojowe;Zdolnoœæ pozwala na wystrzelenie z broni pojedynczego, wzmocnionego pocisku, który mo¿e powaliæ wrogów. Porusza siê w linii prostej, mimo niewielkiej si³y jego atutem jest szybkostrzelnoœæ i wywo³ywanie eksplozji, jeœli cel znajduje siê pod wp³ywem jednego z efektów specjalnych.
253;Strza³ wstrz¹sowy;5BA;80;80;4;5;100;100;0;0;0;0;Bojowe;Zdolnoœæ pozwala na wystrzelenie z broni pojedynczego, wzmocnionego pocisku, który mo¿e powaliæ wrogów. Porusza siê w linii prostej, mimo niewielkiej si³y jego atutem jest szybkostrzelnoœæ i wywo³ywanie eksplozji, jeœli cel znajduje siê pod wp³ywem jednego z efektów specjalnych.
254;Strza³ wstrz¹sowy;5BB;80;80;5;5;100;100;0;0;0;0;Bojowe;Zdolnoœæ pozwala na wystrzelenie z broni pojedynczego, wzmocnionego pocisku, który mo¿e powaliæ wrogów. Porusza siê w linii prostej, mimo niewielkiej si³y jego atutem jest szybkostrzelnoœæ i wywo³ywanie eksplozji, jeœli cel znajduje siê pod wp³ywem jednego z efektów specjalnych.
255;Strza³ wstrz¹sowy;6AAA;80;80;4;5;100;100;0;0;0;0;Bojowe;Zdolnoœæ pozwala na wystrzelenie z broni pojedynczego, wzmocnionego pocisku, który mo¿e powaliæ wrogów. Porusza siê w linii prostej, mimo niewielkiej si³y jego atutem jest szybkostrzelnoœæ i wywo³ywanie eksplozji, jeœli cel znajduje siê pod wp³ywem jednego z efektów specjalnych.
256;Strza³ wstrz¹sowy;6AAB;80;80;4;5;100;100;0;0;0;0;Bojowe;Zdolnoœæ pozwala na wystrzelenie z broni pojedynczego, wzmocnionego pocisku, który mo¿e powaliæ wrogów. Porusza siê w linii prostej, mimo niewielkiej si³y jego atutem jest szybkostrzelnoœæ i wywo³ywanie eksplozji, jeœli cel znajduje siê pod wp³ywem jednego z efektów specjalnych.
257;Strza³ wstrz¹sowy;6ABB;80;80;5;5;100;100;0;0;0;0;Bojowe;Zdolnoœæ pozwala na wystrzelenie z broni pojedynczego, wzmocnionego pocisku, który mo¿e powaliæ wrogów. Porusza siê w linii prostej, mimo niewielkiej si³y jego atutem jest szybkostrzelnoœæ i wywo³ywanie eksplozji, jeœli cel znajduje siê pod wp³ywem jednego z efektów specjalnych.
258;Strza³ wstrz¹sowy;6BBB;80;80;5;5;100;100;0;0;0;0;Bojowe;Zdolnoœæ pozwala na wystrzelenie z broni pojedynczego, wzmocnionego pocisku, który mo¿e powaliæ wrogów. Porusza siê w linii prostej, mimo niewielkiej si³y jego atutem jest szybkostrzelnoœæ i wywo³ywanie eksplozji, jeœli cel znajduje siê pod wp³ywem jednego z efektów specjalnych.
259;Strza³ wstrz¹sowy;6BBA;80;80;5;5;100;100;0;0;0;0;Bojowe;Zdolnoœæ pozwala na wystrzelenie z broni pojedynczego, wzmocnionego pocisku, który mo¿e powaliæ wrogów. Porusza siê w linii prostej, mimo niewielkiej si³y jego atutem jest szybkostrzelnoœæ i wywo³ywanie eksplozji, jeœli cel znajduje siê pod wp³ywem jednego z efektów specjalnych.
260;Strza³ wstrz¹sowy;6BAA;80;80;4;5;100;100;0;0;0;0;Bojowe;Zdolnoœæ pozwala na wystrzelenie z broni pojedynczego, wzmocnionego pocisku, który mo¿e powaliæ wrogów. Porusza siê w linii prostej, mimo niewielkiej si³y jego atutem jest szybkostrzelnoœæ i wywo³ywanie eksplozji, jeœli cel znajduje siê pod wp³ywem jednego z efektów specjalnych.
261;Strza³ wstrz¹sowy;6ABA;80;80;5;5;100;100;0;0;0;0;Bojowe;Zdolnoœæ pozwala na wystrzelenie z broni pojedynczego, wzmocnionego pocisku, który mo¿e powaliæ wrogów. Porusza siê w linii prostej, mimo niewielkiej si³y jego atutem jest szybkostrzelnoœæ i wywo³ywanie eksplozji, jeœli cel znajduje siê pod wp³ywem jednego z efektów specjalnych.
262;Strza³ wstrz¹sowy;6BAB;80;80;4;5;100;100;0;0;0;0;Bojowe;Zdolnoœæ pozwala na wystrzelenie z broni pojedynczego, wzmocnionego pocisku, który mo¿e powaliæ wrogów. Porusza siê w linii prostej, mimo niewielkiej si³y jego atutem jest szybkostrzelnoœæ i wywo³ywanie eksplozji, jeœli cel znajduje siê pod wp³ywem jednego z efektów specjalnych.
263;RzeŸ;1;150;50;9;0;0;0;0;0;0;0;Bojowe;RzeŸ pozwala na wystrzelenie z broni pojedynczego pocisku, który po zetkniêciu siê z cia³em przeciwnika wybucha, zadaj¹c obra¿enia zarówno jemu, jak i wrogom w pobli¿u. Jest szczególnie przydatny w walce przeciwko celom opancerzonym, jak i nadaje siê do obezw³adniania i powalania na ziemiê przeciwników.
264;RzeŸ;2;200;60;9;0;0;0;0;0;0;0;Bojowe;RzeŸ pozwala na wystrzelenie z broni pojedynczego pocisku, który po zetkniêciu siê z cia³em przeciwnika wybucha, zadaj¹c obra¿enia zarówno jemu, jak i wrogom w pobli¿u. Jest szczególnie przydatny w walce przeciwko celom opancerzonym, jak i nadaje siê do obezw³adniania i powalania na ziemiê przeciwników.
265;RzeŸ;3;200;60;9;5;0;0;0;0;0;0;Bojowe;RzeŸ pozwala na wystrzelenie z broni pojedynczego pocisku, który po zetkniêciu siê z cia³em przeciwnika wybucha, zadaj¹c obra¿enia zarówno jemu, jak i wrogom w pobli¿u. Jest szczególnie przydatny w walce przeciwko celom opancerzonym, jak i nadaje siê do obezw³adniania i powalania na ziemiê przeciwników.
266;RzeŸ;4A;200;60;9;5;0;0;0;0;0;0;Bojowe;RzeŸ pozwala na wystrzelenie z broni pojedynczego pocisku, który po zetkniêciu siê z cia³em przeciwnika wybucha, zadaj¹c obra¿enia zarówno jemu, jak i wrogom w pobli¿u. Jest szczególnie przydatny w walce przeciwko celom opancerzonym, jak i nadaje siê do obezw³adniania i powalania na ziemiê przeciwników.
267;RzeŸ;4B;200;60;9;5;0;0;0;0;0;0;Bojowe;RzeŸ pozwala na wystrzelenie z broni pojedynczego pocisku, który po zetkniêciu siê z cia³em przeciwnika wybucha, zadaj¹c obra¿enia zarówno jemu, jak i wrogom w pobli¿u. Jest szczególnie przydatny w walce przeciwko celom opancerzonym, jak i nadaje siê do obezw³adniania i powalania na ziemiê przeciwników.
268;RzeŸ;5AA;200;60;8;5;0;0;0;0;0;0;Bojowe;RzeŸ pozwala na wystrzelenie z broni pojedynczego pocisku, który po zetkniêciu siê z cia³em przeciwnika wybucha, zadaj¹c obra¿enia zarówno jemu, jak i wrogom w pobli¿u. Jest szczególnie przydatny w walce przeciwko celom opancerzonym, jak i nadaje siê do obezw³adniania i powalania na ziemiê przeciwników.
269;RzeŸ;5AB;250;80;9;5;0;0;0;0;0;0;Bojowe;RzeŸ pozwala na wystrzelenie z broni pojedynczego pocisku, który po zetkniêciu siê z cia³em przeciwnika wybucha, zadaj¹c obra¿enia zarówno jemu, jak i wrogom w pobli¿u. Jest szczególnie przydatny w walce przeciwko celom opancerzonym, jak i nadaje siê do obezw³adniania i powalania na ziemiê przeciwników.
270;RzeŸ;5BA;200;60;8;5;0;0;0;0;0;0;Bojowe;RzeŸ pozwala na wystrzelenie z broni pojedynczego pocisku, który po zetkniêciu siê z cia³em przeciwnika wybucha, zadaj¹c obra¿enia zarówno jemu, jak i wrogom w pobli¿u. Jest szczególnie przydatny w walce przeciwko celom opancerzonym, jak i nadaje siê do obezw³adniania i powalania na ziemiê przeciwników.
271;RzeŸ;5BB;250;80;9;5;0;0;0;0;0;0;Bojowe;RzeŸ pozwala na wystrzelenie z broni pojedynczego pocisku, który po zetkniêciu siê z cia³em przeciwnika wybucha, zadaj¹c obra¿enia zarówno jemu, jak i wrogom w pobli¿u. Jest szczególnie przydatny w walce przeciwko celom opancerzonym, jak i nadaje siê do obezw³adniania i powalania na ziemiê przeciwników.
272;RzeŸ;6AAA;200;60;8;5;0;0;0;100;0;0;Bojowe;RzeŸ pozwala na wystrzelenie z broni pojedynczego pocisku, który po zetkniêciu siê z cia³em przeciwnika wybucha, zadaj¹c obra¿enia zarówno jemu, jak i wrogom w pobli¿u. Jest szczególnie przydatny w walce przeciwko celom opancerzonym, jak i nadaje siê do obezw³adniania i powalania na ziemiê przeciwników.
273;RzeŸ;6AAB;300;110;8;5;0;0;0;0;0;0;Bojowe;RzeŸ pozwala na wystrzelenie z broni pojedynczego pocisku, który po zetkniêciu siê z cia³em przeciwnika wybucha, zadaj¹c obra¿enia zarówno jemu, jak i wrogom w pobli¿u. Jest szczególnie przydatny w walce przeciwko celom opancerzonym, jak i nadaje siê do obezw³adniania i powalania na ziemiê przeciwników.
274;RzeŸ;6ABB;350;130;9;5;0;0;0;0;0;0;Bojowe;RzeŸ pozwala na wystrzelenie z broni pojedynczego pocisku, który po zetkniêciu siê z cia³em przeciwnika wybucha, zadaj¹c obra¿enia zarówno jemu, jak i wrogom w pobli¿u. Jest szczególnie przydatny w walce przeciwko celom opancerzonym, jak i nadaje siê do obezw³adniania i powalania na ziemiê przeciwników.
275;RzeŸ;6BBB;350;130;9;5;0;0;0;0;0;0;Bojowe;RzeŸ pozwala na wystrzelenie z broni pojedynczego pocisku, który po zetkniêciu siê z cia³em przeciwnika wybucha, zadaj¹c obra¿enia zarówno jemu, jak i wrogom w pobli¿u. Jest szczególnie przydatny w walce przeciwko celom opancerzonym, jak i nadaje siê do obezw³adniania i powalania na ziemiê przeciwników.
276;RzeŸ;6BBA;250;80;9;5;0;0;0;100;0;0;Bojowe;RzeŸ pozwala na wystrzelenie z broni pojedynczego pocisku, który po zetkniêciu siê z cia³em przeciwnika wybucha, zadaj¹c obra¿enia zarówno jemu, jak i wrogom w pobli¿u. Jest szczególnie przydatny w walce przeciwko celom opancerzonym, jak i nadaje siê do obezw³adniania i powalania na ziemiê przeciwników.
277;RzeŸ;6BAA;200;60;8;5;0;0;0;100;0;0;Bojowe;RzeŸ pozwala na wystrzelenie z broni pojedynczego pocisku, który po zetkniêciu siê z cia³em przeciwnika wybucha, zadaj¹c obra¿enia zarówno jemu, jak i wrogom w pobli¿u. Jest szczególnie przydatny w walce przeciwko celom opancerzonym, jak i nadaje siê do obezw³adniania i powalania na ziemiê przeciwników.
278;RzeŸ;6ABA;250;80;9;5;0;0;0;100;0;0;Bojowe;RzeŸ pozwala na wystrzelenie z broni pojedynczego pocisku, który po zetkniêciu siê z cia³em przeciwnika wybucha, zadaj¹c obra¿enia zarówno jemu, jak i wrogom w pobli¿u. Jest szczególnie przydatny w walce przeciwko celom opancerzonym, jak i nadaje siê do obezw³adniania i powalania na ziemiê przeciwników.
279;RzeŸ;6BAB;300;110;8;5;0;0;0;0;0;0;Bojowe;RzeŸ pozwala na wystrzelenie z broni pojedynczego pocisku, który po zetkniêciu siê z cia³em przeciwnika wybucha, zadaj¹c obra¿enia zarówno jemu, jak i wrogom w pobli¿u. Jest szczególnie przydatny w walce przeciwko celom opancerzonym, jak i nadaje siê do obezw³adniania i powalania na ziemiê przeciwników.
280;Umocnienie;1;0;0;10;0;0;0;0;0;0;0;Bojowe;Ta umiejêtnoœæ pozwala wzmocniæ pancerz pr¹dami wirowymi, które póŸniej mo¿na roz³adowaæ, przekazuj¹c ich moc do rêkawic w celu zwiêkszenia obra¿eñ zadawanych w walce wrêcz. Zastosowana technologia ogranicza jednak w pewnym stopniu swobodê ruchu, negatywnie wp³ywaj¹c na celnoœæ strza³u.
281;Umocnienie;2;0;0;10;5;0;0;0;0;0;0;Bojowe;Ta umiejêtnoœæ pozwala wzmocniæ pancerz pr¹dami wirowymi, które póŸniej mo¿na roz³adowaæ, przekazuj¹c ich moc do rêkawic w celu zwiêkszenia obra¿eñ zadawanych w walce wrêcz. Zastosowana technologia ogranicza jednak w pewnym stopniu swobodê ruchu, negatywnie wp³ywaj¹c na celnoœæ strza³u.
282;Umocnienie;3;0;0;10;5;0;0;0;0;0;0;Bojowe;Ta umiejêtnoœæ pozwala wzmocniæ pancerz pr¹dami wirowymi, które póŸniej mo¿na roz³adowaæ, przekazuj¹c ich moc do rêkawic w celu zwiêkszenia obra¿eñ zadawanych w walce wrêcz. Zastosowana technologia ogranicza jednak w pewnym stopniu swobodê ruchu, negatywnie wp³ywaj¹c na celnoœæ strza³u.
283;Umocnienie;4A;0;0;10;5;0;0;0;0;0;0;Bojowe;Ta umiejêtnoœæ pozwala wzmocniæ pancerz pr¹dami wirowymi, które póŸniej mo¿na roz³adowaæ, przekazuj¹c ich moc do rêkawic w celu zwiêkszenia obra¿eñ zadawanych w walce wrêcz. Zastosowana technologia ogranicza jednak w pewnym stopniu swobodê ruchu, negatywnie wp³ywaj¹c na celnoœæ strza³u.
284;Umocnienie;4B;0;0;10;5;0;0;0;0;0;0;Bojowe;Ta umiejêtnoœæ pozwala wzmocniæ pancerz pr¹dami wirowymi, które póŸniej mo¿na roz³adowaæ, przekazuj¹c ich moc do rêkawic w celu zwiêkszenia obra¿eñ zadawanych w walce wrêcz. Zastosowana technologia ogranicza jednak w pewnym stopniu swobodê ruchu, negatywnie wp³ywaj¹c na celnoœæ strza³u.
285;Umocnienie;5AA;0;0;10;5;0;0;0;0;0;0;Bojowe;Ta umiejêtnoœæ pozwala wzmocniæ pancerz pr¹dami wirowymi, które póŸniej mo¿na roz³adowaæ, przekazuj¹c ich moc do rêkawic w celu zwiêkszenia obra¿eñ zadawanych w walce wrêcz. Zastosowana technologia ogranicza jednak w pewnym stopniu swobodê ruchu, negatywnie wp³ywaj¹c na celnoœæ strza³u.
286;Umocnienie;5AB;0;0;10;5;0;0;0;0;0;0;Bojowe;Ta umiejêtnoœæ pozwala wzmocniæ pancerz pr¹dami wirowymi, które póŸniej mo¿na roz³adowaæ, przekazuj¹c ich moc do rêkawic w celu zwiêkszenia obra¿eñ zadawanych w walce wrêcz. Zastosowana technologia ogranicza jednak w pewnym stopniu swobodê ruchu, negatywnie wp³ywaj¹c na celnoœæ strza³u.
287;Umocnienie;5BA;0;0;10;5;0;0;0;0;0;0;Bojowe;Ta umiejêtnoœæ pozwala wzmocniæ pancerz pr¹dami wirowymi, które póŸniej mo¿na roz³adowaæ, przekazuj¹c ich moc do rêkawic w celu zwiêkszenia obra¿eñ zadawanych w walce wrêcz. Zastosowana technologia ogranicza jednak w pewnym stopniu swobodê ruchu, negatywnie wp³ywaj¹c na celnoœæ strza³u.
288;Umocnienie;5BB;0;0;10;5;0;0;0;0;0;0;Bojowe;Ta umiejêtnoœæ pozwala wzmocniæ pancerz pr¹dami wirowymi, które póŸniej mo¿na roz³adowaæ, przekazuj¹c ich moc do rêkawic w celu zwiêkszenia obra¿eñ zadawanych w walce wrêcz. Zastosowana technologia ogranicza jednak w pewnym stopniu swobodê ruchu, negatywnie wp³ywaj¹c na celnoœæ strza³u.
289;Umocnienie;6AAA;0;0;10;5;0;0;0;0;0;0;Bojowe;Ta umiejêtnoœæ pozwala wzmocniæ pancerz pr¹dami wirowymi, które póŸniej mo¿na roz³adowaæ, przekazuj¹c ich moc do rêkawic w celu zwiêkszenia obra¿eñ zadawanych w walce wrêcz. Zastosowana technologia ogranicza jednak w pewnym stopniu swobodê ruchu, negatywnie wp³ywaj¹c na celnoœæ strza³u.
290;Umocnienie;6AAB;0;0;10;5;0;0;0;0;0;0;Bojowe;Ta umiejêtnoœæ pozwala wzmocniæ pancerz pr¹dami wirowymi, które póŸniej mo¿na roz³adowaæ, przekazuj¹c ich moc do rêkawic w celu zwiêkszenia obra¿eñ zadawanych w walce wrêcz. Zastosowana technologia ogranicza jednak w pewnym stopniu swobodê ruchu, negatywnie wp³ywaj¹c na celnoœæ strza³u.
291;Umocnienie;6ABB;0;0;10;5;0;0;0;0;0;0;Bojowe;Ta umiejêtnoœæ pozwala wzmocniæ pancerz pr¹dami wirowymi, które póŸniej mo¿na roz³adowaæ, przekazuj¹c ich moc do rêkawic w celu zwiêkszenia obra¿eñ zadawanych w walce wrêcz. Zastosowana technologia ogranicza jednak w pewnym stopniu swobodê ruchu, negatywnie wp³ywaj¹c na celnoœæ strza³u.
292;Umocnienie;6BBB;0;0;10;5;0;0;0;0;0;0;Bojowe;Ta umiejêtnoœæ pozwala wzmocniæ pancerz pr¹dami wirowymi, które póŸniej mo¿na roz³adowaæ, przekazuj¹c ich moc do rêkawic w celu zwiêkszenia obra¿eñ zadawanych w walce wrêcz. Zastosowana technologia ogranicza jednak w pewnym stopniu swobodê ruchu, negatywnie wp³ywaj¹c na celnoœæ strza³u.
293;Umocnienie;6BBA;0;0;10;5;0;0;0;0;0;0;Bojowe;Ta umiejêtnoœæ pozwala wzmocniæ pancerz pr¹dami wirowymi, które póŸniej mo¿na roz³adowaæ, przekazuj¹c ich moc do rêkawic w celu zwiêkszenia obra¿eñ zadawanych w walce wrêcz. Zastosowana technologia ogranicza jednak w pewnym stopniu swobodê ruchu, negatywnie wp³ywaj¹c na celnoœæ strza³u.
294;Umocnienie;6BAA;0;0;10;5;0;0;0;0;0;0;Bojowe;Ta umiejêtnoœæ pozwala wzmocniæ pancerz pr¹dami wirowymi, które póŸniej mo¿na roz³adowaæ, przekazuj¹c ich moc do rêkawic w celu zwiêkszenia obra¿eñ zadawanych w walce wrêcz. Zastosowana technologia ogranicza jednak w pewnym stopniu swobodê ruchu, negatywnie wp³ywaj¹c na celnoœæ strza³u.
295;Umocnienie;6ABA;0;0;10;5;0;0;0;0;0;0;Bojowe;Ta umiejêtnoœæ pozwala wzmocniæ pancerz pr¹dami wirowymi, które póŸniej mo¿na roz³adowaæ, przekazuj¹c ich moc do rêkawic w celu zwiêkszenia obra¿eñ zadawanych w walce wrêcz. Zastosowana technologia ogranicza jednak w pewnym stopniu swobodê ruchu, negatywnie wp³ywaj¹c na celnoœæ strza³u.
296;Umocnienie;6BAB;0;0;10;5;0;0;0;0;0;0;Bojowe;Ta umiejêtnoœæ pozwala wzmocniæ pancerz pr¹dami wirowymi, które póŸniej mo¿na roz³adowaæ, przekazuj¹c ich moc do rêkawic w celu zwiêkszenia obra¿eñ zadawanych w walce wrêcz. Zastosowana technologia ogranicza jednak w pewnym stopniu swobodê ruchu, negatywnie wp³ywaj¹c na celnoœæ strza³u.
297;Spalenie;1;200;0;8;0;0;0;0;30;0;0;Technologiczne;Specjalny program, który umo¿liwia wystrzelenie z omni-klucza rozgrzanego ³adunku plazmy. £adunek jest wyj¹tkowo efektywny przeciwko pancerzom i celom nieos³oniêtym, ³atwo rozlewa siê na dotkniête powierzchnie i wywo³uje silne poparzenia. Bardziej zaawansowane modyfikacje umo¿liwiaj¹ generowanie plazmy o wy¿szej temperaturze i poprawionych w³aœciwoœciach lotnych.
298;Spalenie;2;200;0;8;5;0;0;0;30;0;0;Technologiczne;Specjalny program, który umo¿liwia wystrzelenie z omni-klucza rozgrzanego ³adunku plazmy. £adunek jest wyj¹tkowo efektywny przeciwko pancerzom i celom nieos³oniêtym, ³atwo rozlewa siê na dotkniête powierzchnie i wywo³uje silne poparzenia. Bardziej zaawansowane modyfikacje umo¿liwiaj¹ generowanie plazmy o wy¿szej temperaturze i poprawionych w³aœciwoœciach lotnych.
299;Spalenie;3;200;0;8;5;0;0;0;50;0;0;Technologiczne;Specjalny program, który umo¿liwia wystrzelenie z omni-klucza rozgrzanego ³adunku plazmy. £adunek jest wyj¹tkowo efektywny przeciwko pancerzom i celom nieos³oniêtym, ³atwo rozlewa siê na dotkniête powierzchnie i wywo³uje silne poparzenia. Bardziej zaawansowane modyfikacje umo¿liwiaj¹ generowanie plazmy o wy¿szej temperaturze i poprawionych w³aœciwoœciach lotnych.
300;Spalenie;4A;200;0;7;5;0;0;0;50;0;0;Technologiczne;Specjalny program, który umo¿liwia wystrzelenie z omni-klucza rozgrzanego ³adunku plazmy. £adunek jest wyj¹tkowo efektywny przeciwko pancerzom i celom nieos³oniêtym, ³atwo rozlewa siê na dotkniête powierzchnie i wywo³uje silne poparzenia. Bardziej zaawansowane modyfikacje umo¿liwiaj¹ generowanie plazmy o wy¿szej temperaturze i poprawionych w³aœciwoœciach lotnych.
301;Spalenie;4B;200;0;8;5;0;0;0;50;0;0;Technologiczne;Specjalny program, który umo¿liwia wystrzelenie z omni-klucza rozgrzanego ³adunku plazmy. £adunek jest wyj¹tkowo efektywny przeciwko pancerzom i celom nieos³oniêtym, ³atwo rozlewa siê na dotkniête powierzchnie i wywo³uje silne poparzenia. Bardziej zaawansowane modyfikacje umo¿liwiaj¹ generowanie plazmy o wy¿szej temperaturze i poprawionych w³aœciwoœciach lotnych.
302;Spalenie;5AA;200;0;7;5;0;0;0;50;0;0;Technologiczne;Specjalny program, który umo¿liwia wystrzelenie z omni-klucza rozgrzanego ³adunku plazmy. £adunek jest wyj¹tkowo efektywny przeciwko pancerzom i celom nieos³oniêtym, ³atwo rozlewa siê na dotkniête powierzchnie i wywo³uje silne poparzenia. Bardziej zaawansowane modyfikacje umo¿liwiaj¹ generowanie plazmy o wy¿szej temperaturze i poprawionych w³aœciwoœciach lotnych.
303;Spalenie;5AB;200;0;7;5;0;0;0;50;0;0;Technologiczne;Specjalny program, który umo¿liwia wystrzelenie z omni-klucza rozgrzanego ³adunku plazmy. £adunek jest wyj¹tkowo efektywny przeciwko pancerzom i celom nieos³oniêtym, ³atwo rozlewa siê na dotkniête powierzchnie i wywo³uje silne poparzenia. Bardziej zaawansowane modyfikacje umo¿liwiaj¹ generowanie plazmy o wy¿szej temperaturze i poprawionych w³aœciwoœciach lotnych.
304;Spalenie;5BA;200;0;8;5;0;0;0;50;0;0;Technologiczne;Specjalny program, który umo¿liwia wystrzelenie z omni-klucza rozgrzanego ³adunku plazmy. £adunek jest wyj¹tkowo efektywny przeciwko pancerzom i celom nieos³oniêtym, ³atwo rozlewa siê na dotkniête powierzchnie i wywo³uje silne poparzenia. Bardziej zaawansowane modyfikacje umo¿liwiaj¹ generowanie plazmy o wy¿szej temperaturze i poprawionych w³aœciwoœciach lotnych.
305;Spalenie;5BB;200;0;8;5;0;0;0;50;0;0;Technologiczne;Specjalny program, który umo¿liwia wystrzelenie z omni-klucza rozgrzanego ³adunku plazmy. £adunek jest wyj¹tkowo efektywny przeciwko pancerzom i celom nieos³oniêtym, ³atwo rozlewa siê na dotkniête powierzchnie i wywo³uje silne poparzenia. Bardziej zaawansowane modyfikacje umo¿liwiaj¹ generowanie plazmy o wy¿szej temperaturze i poprawionych w³aœciwoœciach lotnych.
306;Spalenie;6AAA;200;100;7;5;0;0;0;50;0;0;Technologiczne;Specjalny program, który umo¿liwia wystrzelenie z omni-klucza rozgrzanego ³adunku plazmy. £adunek jest wyj¹tkowo efektywny przeciwko pancerzom i celom nieos³oniêtym, ³atwo rozlewa siê na dotkniête powierzchnie i wywo³uje silne poparzenia. Bardziej zaawansowane modyfikacje umo¿liwiaj¹ generowanie plazmy o wy¿szej temperaturze i poprawionych w³aœciwoœciach lotnych.
307;Spalenie;6AAB;200;0;7;5;0;0;0;50;0;0;Technologiczne;Specjalny program, który umo¿liwia wystrzelenie z omni-klucza rozgrzanego ³adunku plazmy. £adunek jest wyj¹tkowo efektywny przeciwko pancerzom i celom nieos³oniêtym, ³atwo rozlewa siê na dotkniête powierzchnie i wywo³uje silne poparzenia. Bardziej zaawansowane modyfikacje umo¿liwiaj¹ generowanie plazmy o wy¿szej temperaturze i poprawionych w³aœciwoœciach lotnych.
308;Spalenie;6ABB;200;0;7;5;0;0;0;50;0;0;Technologiczne;Specjalny program, który umo¿liwia wystrzelenie z omni-klucza rozgrzanego ³adunku plazmy. £adunek jest wyj¹tkowo efektywny przeciwko pancerzom i celom nieos³oniêtym, ³atwo rozlewa siê na dotkniête powierzchnie i wywo³uje silne poparzenia. Bardziej zaawansowane modyfikacje umo¿liwiaj¹ generowanie plazmy o wy¿szej temperaturze i poprawionych w³aœciwoœciach lotnych.
309;Spalenie;6BBB;200;0;8;5;0;0;0;50;0;0;Technologiczne;Specjalny program, który umo¿liwia wystrzelenie z omni-klucza rozgrzanego ³adunku plazmy. £adunek jest wyj¹tkowo efektywny przeciwko pancerzom i celom nieos³oniêtym, ³atwo rozlewa siê na dotkniête powierzchnie i wywo³uje silne poparzenia. Bardziej zaawansowane modyfikacje umo¿liwiaj¹ generowanie plazmy o wy¿szej temperaturze i poprawionych w³aœciwoœciach lotnych.
310;Spalenie;6BBA;200;100;8;5;0;0;0;50;0;0;Technologiczne;Specjalny program, który umo¿liwia wystrzelenie z omni-klucza rozgrzanego ³adunku plazmy. £adunek jest wyj¹tkowo efektywny przeciwko pancerzom i celom nieos³oniêtym, ³atwo rozlewa siê na dotkniête powierzchnie i wywo³uje silne poparzenia. Bardziej zaawansowane modyfikacje umo¿liwiaj¹ generowanie plazmy o wy¿szej temperaturze i poprawionych w³aœciwoœciach lotnych.
311;Spalenie;6BAA;200;100;8;5;0;0;0;50;0;0;Technologiczne;Specjalny program, który umo¿liwia wystrzelenie z omni-klucza rozgrzanego ³adunku plazmy. £adunek jest wyj¹tkowo efektywny przeciwko pancerzom i celom nieos³oniêtym, ³atwo rozlewa siê na dotkniête powierzchnie i wywo³uje silne poparzenia. Bardziej zaawansowane modyfikacje umo¿liwiaj¹ generowanie plazmy o wy¿szej temperaturze i poprawionych w³aœciwoœciach lotnych.
312;Spalenie;6ABA;200;100;7;5;0;0;0;50;0;0;Technologiczne;Specjalny program, który umo¿liwia wystrzelenie z omni-klucza rozgrzanego ³adunku plazmy. £adunek jest wyj¹tkowo efektywny przeciwko pancerzom i celom nieos³oniêtym, ³atwo rozlewa siê na dotkniête powierzchnie i wywo³uje silne poparzenia. Bardziej zaawansowane modyfikacje umo¿liwiaj¹ generowanie plazmy o wy¿szej temperaturze i poprawionych w³aœciwoœciach lotnych.
313;Spalenie;6BAB;200;0;8;5;0;0;0;50;0;0;Technologiczne;Specjalny program, który umo¿liwia wystrzelenie z omni-klucza rozgrzanego ³adunku plazmy. £adunek jest wyj¹tkowo efektywny przeciwko pancerzom i celom nieos³oniêtym, ³atwo rozlewa siê na dotkniête powierzchnie i wywo³uje silne poparzenia. Bardziej zaawansowane modyfikacje umo¿liwiaj¹ generowanie plazmy o wy¿szej temperaturze i poprawionych w³aœciwoœciach lotnych.
314;Przeci¹¿enie;1;50;200;8;0;30;0;0;0;0;0;Technologiczne;Specjalny program, który umo¿liwia wystrzelenie z omni-klucza potê¿nego ³adunku elektrycznego. £adunek elektryczny jest wyj¹tkowo efektywny przeciwko tarczom, syntetykom oraz urz¹dzeniom mechanicznym, powoduj¹c gwa³towne prze³adowanie ich systemów. U pozosta³ych celów mo¿e wywo³aæ mimowolne skurcze miêœni, problemy z wykonywaniem precyzyjnych czynnoœci, a w powa¿nych przypadkach - zatrzymanie akcji serca.
315;Przeci¹¿enie;2;50;200;8;5;30;0;0;0;0;0;Technologiczne;Specjalny program, który umo¿liwia wystrzelenie z omni-klucza potê¿nego ³adunku elektrycznego. £adunek elektryczny jest wyj¹tkowo efektywny przeciwko tarczom, syntetykom oraz urz¹dzeniom mechanicznym, powoduj¹c gwa³towne prze³adowanie ich systemów. U pozosta³ych celów mo¿e wywo³aæ mimowolne skurcze miêœni, problemy z wykonywaniem precyzyjnych czynnoœci, a w powa¿nych przypadkach - zatrzymanie akcji serca.
316;Przeci¹¿enie;3;50;250;8;5;50;0;0;0;0;0;Technologiczne;Specjalny program, który umo¿liwia wystrzelenie z omni-klucza potê¿nego ³adunku elektrycznego. £adunek elektryczny jest wyj¹tkowo efektywny przeciwko tarczom, syntetykom oraz urz¹dzeniom mechanicznym, powoduj¹c gwa³towne prze³adowanie ich systemów. U pozosta³ych celów mo¿e wywo³aæ mimowolne skurcze miêœni, problemy z wykonywaniem precyzyjnych czynnoœci, a w powa¿nych przypadkach - zatrzymanie akcji serca.
317;Przeci¹¿enie;4A;50;250;7;5;50;0;0;0;0;0;Technologiczne;Specjalny program, który umo¿liwia wystrzelenie z omni-klucza potê¿nego ³adunku elektrycznego. £adunek elektryczny jest wyj¹tkowo efektywny przeciwko tarczom, syntetykom oraz urz¹dzeniom mechanicznym, powoduj¹c gwa³towne prze³adowanie ich systemów. U pozosta³ych celów mo¿e wywo³aæ mimowolne skurcze miêœni, problemy z wykonywaniem precyzyjnych czynnoœci, a w powa¿nych przypadkach - zatrzymanie akcji serca.
318;Przeci¹¿enie;4B;50;250;8;5;50;0;0;0;0;0;Technologiczne;Specjalny program, który umo¿liwia wystrzelenie z omni-klucza potê¿nego ³adunku elektrycznego. £adunek elektryczny jest wyj¹tkowo efektywny przeciwko tarczom, syntetykom oraz urz¹dzeniom mechanicznym, powoduj¹c gwa³towne prze³adowanie ich systemów. U pozosta³ych celów mo¿e wywo³aæ mimowolne skurcze miêœni, problemy z wykonywaniem precyzyjnych czynnoœci, a w powa¿nych przypadkach - zatrzymanie akcji serca.
319;Przeci¹¿enie;5AA;50;250;7;5;50;0;0;0;0;0;Technologiczne;Specjalny program, który umo¿liwia wystrzelenie z omni-klucza potê¿nego ³adunku elektrycznego. £adunek elektryczny jest wyj¹tkowo efektywny przeciwko tarczom, syntetykom oraz urz¹dzeniom mechanicznym, powoduj¹c gwa³towne prze³adowanie ich systemów. U pozosta³ych celów mo¿e wywo³aæ mimowolne skurcze miêœni, problemy z wykonywaniem precyzyjnych czynnoœci, a w powa¿nych przypadkach - zatrzymanie akcji serca.
320;Przeci¹¿enie;5AB;50;250;7;5;50;0;0;0;0;0;Technologiczne;Specjalny program, który umo¿liwia wystrzelenie z omni-klucza potê¿nego ³adunku elektrycznego. £adunek elektryczny jest wyj¹tkowo efektywny przeciwko tarczom, syntetykom oraz urz¹dzeniom mechanicznym, powoduj¹c gwa³towne prze³adowanie ich systemów. U pozosta³ych celów mo¿e wywo³aæ mimowolne skurcze miêœni, problemy z wykonywaniem precyzyjnych czynnoœci, a w powa¿nych przypadkach - zatrzymanie akcji serca.
321;Przeci¹¿enie;5BA;50;250;8;5;50;0;0;0;0;0;Technologiczne;Specjalny program, który umo¿liwia wystrzelenie z omni-klucza potê¿nego ³adunku elektrycznego. £adunek elektryczny jest wyj¹tkowo efektywny przeciwko tarczom, syntetykom oraz urz¹dzeniom mechanicznym, powoduj¹c gwa³towne prze³adowanie ich systemów. U pozosta³ych celów mo¿e wywo³aæ mimowolne skurcze miêœni, problemy z wykonywaniem precyzyjnych czynnoœci, a w powa¿nych przypadkach - zatrzymanie akcji serca.
322;Przeci¹¿enie;5BB;50;250;8;5;50;0;0;0;0;0;Technologiczne;Specjalny program, który umo¿liwia wystrzelenie z omni-klucza potê¿nego ³adunku elektrycznego. £adunek elektryczny jest wyj¹tkowo efektywny przeciwko tarczom, syntetykom oraz urz¹dzeniom mechanicznym, powoduj¹c gwa³towne prze³adowanie ich systemów. U pozosta³ych celów mo¿e wywo³aæ mimowolne skurcze miêœni, problemy z wykonywaniem precyzyjnych czynnoœci, a w powa¿nych przypadkach - zatrzymanie akcji serca.
323;Przeci¹¿enie;6AAA;50;250;7;5;50;0;0;0;0;0;Technologiczne;Specjalny program, który umo¿liwia wystrzelenie z omni-klucza potê¿nego ³adunku elektrycznego. £adunek elektryczny jest wyj¹tkowo efektywny przeciwko tarczom, syntetykom oraz urz¹dzeniom mechanicznym, powoduj¹c gwa³towne prze³adowanie ich systemów. U pozosta³ych celów mo¿e wywo³aæ mimowolne skurcze miêœni, problemy z wykonywaniem precyzyjnych czynnoœci, a w powa¿nych przypadkach - zatrzymanie akcji serca.
324;Przeci¹¿enie;6AAB;50;250;7;5;50;0;0;0;0;0;Technologiczne;Specjalny program, który umo¿liwia wystrzelenie z omni-klucza potê¿nego ³adunku elektrycznego. £adunek elektryczny jest wyj¹tkowo efektywny przeciwko tarczom, syntetykom oraz urz¹dzeniom mechanicznym, powoduj¹c gwa³towne prze³adowanie ich systemów. U pozosta³ych celów mo¿e wywo³aæ mimowolne skurcze miêœni, problemy z wykonywaniem precyzyjnych czynnoœci, a w powa¿nych przypadkach - zatrzymanie akcji serca.
325;Przeci¹¿enie;6ABB;50;250;7;5;50;0;0;0;0;0;Technologiczne;Specjalny program, który umo¿liwia wystrzelenie z omni-klucza potê¿nego ³adunku elektrycznego. £adunek elektryczny jest wyj¹tkowo efektywny przeciwko tarczom, syntetykom oraz urz¹dzeniom mechanicznym, powoduj¹c gwa³towne prze³adowanie ich systemów. U pozosta³ych celów mo¿e wywo³aæ mimowolne skurcze miêœni, problemy z wykonywaniem precyzyjnych czynnoœci, a w powa¿nych przypadkach - zatrzymanie akcji serca.
326;Przeci¹¿enie;6BBB;50;250;8;5;50;0;0;0;0;0;Technologiczne;Specjalny program, który umo¿liwia wystrzelenie z omni-klucza potê¿nego ³adunku elektrycznego. £adunek elektryczny jest wyj¹tkowo efektywny przeciwko tarczom, syntetykom oraz urz¹dzeniom mechanicznym, powoduj¹c gwa³towne prze³adowanie ich systemów. U pozosta³ych celów mo¿e wywo³aæ mimowolne skurcze miêœni, problemy z wykonywaniem precyzyjnych czynnoœci, a w powa¿nych przypadkach - zatrzymanie akcji serca.
327;Przeci¹¿enie;6BBA;50;250;8;5;50;0;0;0;0;0;Technologiczne;Specjalny program, który umo¿liwia wystrzelenie z omni-klucza potê¿nego ³adunku elektrycznego. £adunek elektryczny jest wyj¹tkowo efektywny przeciwko tarczom, syntetykom oraz urz¹dzeniom mechanicznym, powoduj¹c gwa³towne prze³adowanie ich systemów. U pozosta³ych celów mo¿e wywo³aæ mimowolne skurcze miêœni, problemy z wykonywaniem precyzyjnych czynnoœci, a w powa¿nych przypadkach - zatrzymanie akcji serca.
328;Przeci¹¿enie;6BAA;50;250;8;5;50;0;0;0;0;0;Technologiczne;Specjalny program, który umo¿liwia wystrzelenie z omni-klucza potê¿nego ³adunku elektrycznego. £adunek elektryczny jest wyj¹tkowo efektywny przeciwko tarczom, syntetykom oraz urz¹dzeniom mechanicznym, powoduj¹c gwa³towne prze³adowanie ich systemów. U pozosta³ych celów mo¿e wywo³aæ mimowolne skurcze miêœni, problemy z wykonywaniem precyzyjnych czynnoœci, a w powa¿nych przypadkach - zatrzymanie akcji serca.
329;Przeci¹¿enie;6ABA;50;250;7;5;50;0;0;0;0;0;Technologiczne;Specjalny program, który umo¿liwia wystrzelenie z omni-klucza potê¿nego ³adunku elektrycznego. £adunek elektryczny jest wyj¹tkowo efektywny przeciwko tarczom, syntetykom oraz urz¹dzeniom mechanicznym, powoduj¹c gwa³towne prze³adowanie ich systemów. U pozosta³ych celów mo¿e wywo³aæ mimowolne skurcze miêœni, problemy z wykonywaniem precyzyjnych czynnoœci, a w powa¿nych przypadkach - zatrzymanie akcji serca.
330;Przeci¹¿enie;6BAB;50;250;8;5;50;0;0;0;0;0;Technologiczne;Specjalny program, który umo¿liwia wystrzelenie z omni-klucza potê¿nego ³adunku elektrycznego. £adunek elektryczny jest wyj¹tkowo efektywny przeciwko tarczom, syntetykom oraz urz¹dzeniom mechanicznym, powoduj¹c gwa³towne prze³adowanie ich systemów. U pozosta³ych celów mo¿e wywo³aæ mimowolne skurcze miêœni, problemy z wykonywaniem precyzyjnych czynnoœci, a w powa¿nych przypadkach - zatrzymanie akcji serca.
331;Przeci¹¿enie (s³absze);5AB;25;125;0;5;50;0;0;0;0;0;Technologiczne;Specjalny program, który umo¿liwia wystrzelenie z omni-klucza potê¿nego ³adunku elektrycznego. £adunek elektryczny jest wyj¹tkowo efektywny przeciwko tarczom, syntetykom oraz urz¹dzeniom mechanicznym, powoduj¹c gwa³towne prze³adowanie ich systemów. U pozosta³ych celów mo¿e wywo³aæ mimowolne skurcze miêœni, problemy z wykonywaniem precyzyjnych czynnoœci, a w powa¿nych przypadkach - zatrzymanie akcji serca.
332;Przeci¹¿enie (s³absze);5BB;25;125;0;5;50;0;0;0;0;0;Technologiczne;Specjalny program, który umo¿liwia wystrzelenie z omni-klucza potê¿nego ³adunku elektrycznego. £adunek elektryczny jest wyj¹tkowo efektywny przeciwko tarczom, syntetykom oraz urz¹dzeniom mechanicznym, powoduj¹c gwa³towne prze³adowanie ich systemów. U pozosta³ych celów mo¿e wywo³aæ mimowolne skurcze miêœni, problemy z wykonywaniem precyzyjnych czynnoœci, a w powa¿nych przypadkach - zatrzymanie akcji serca.
333;Przeci¹¿enie (s³absze);6ABB;25;125;0;5;50;0;0;0;0;0;Technologiczne;Specjalny program, który umo¿liwia wystrzelenie z omni-klucza potê¿nego ³adunku elektrycznego. £adunek elektryczny jest wyj¹tkowo efektywny przeciwko tarczom, syntetykom oraz urz¹dzeniom mechanicznym, powoduj¹c gwa³towne prze³adowanie ich systemów. U pozosta³ych celów mo¿e wywo³aæ mimowolne skurcze miêœni, problemy z wykonywaniem precyzyjnych czynnoœci, a w powa¿nych przypadkach - zatrzymanie akcji serca.
334;Przeci¹¿enie (s³absze);6BBB;25;125;0;5;50;0;0;0;0;0;Technologiczne;Specjalny program, który umo¿liwia wystrzelenie z omni-klucza potê¿nego ³adunku elektrycznego. £adunek elektryczny jest wyj¹tkowo efektywny przeciwko tarczom, syntetykom oraz urz¹dzeniom mechanicznym, powoduj¹c gwa³towne prze³adowanie ich systemów. U pozosta³ych celów mo¿e wywo³aæ mimowolne skurcze miêœni, problemy z wykonywaniem precyzyjnych czynnoœci, a w powa¿nych przypadkach - zatrzymanie akcji serca.
335;Przeci¹¿enie (s³absze);6BBA;25;125;0;5;50;0;0;0;0;0;Technologiczne;Specjalny program, który umo¿liwia wystrzelenie z omni-klucza potê¿nego ³adunku elektrycznego. £adunek elektryczny jest wyj¹tkowo efektywny przeciwko tarczom, syntetykom oraz urz¹dzeniom mechanicznym, powoduj¹c gwa³towne prze³adowanie ich systemów. U pozosta³ych celów mo¿e wywo³aæ mimowolne skurcze miêœni, problemy z wykonywaniem precyzyjnych czynnoœci, a w powa¿nych przypadkach - zatrzymanie akcji serca.
336;Przeci¹¿enie (s³absze);6ABA;25;125;0;5;50;0;0;0;0;0;Technologiczne;Specjalny program, który umo¿liwia wystrzelenie z omni-klucza potê¿nego ³adunku elektrycznego. £adunek elektryczny jest wyj¹tkowo efektywny przeciwko tarczom, syntetykom oraz urz¹dzeniom mechanicznym, powoduj¹c gwa³towne prze³adowanie ich systemów. U pozosta³ych celów mo¿e wywo³aæ mimowolne skurcze miêœni, problemy z wykonywaniem precyzyjnych czynnoœci, a w powa¿nych przypadkach - zatrzymanie akcji serca.
337;Przeci¹¿enie (na³adowane);6AAA;100;500;99;5;50;0;0;0;0;0;Technologiczne;Specjalny program, który umo¿liwia wystrzelenie z omni-klucza potê¿nego ³adunku elektrycznego. £adunek elektryczny jest wyj¹tkowo efektywny przeciwko tarczom, syntetykom oraz urz¹dzeniom mechanicznym, powoduj¹c gwa³towne prze³adowanie ich systemów. U pozosta³ych celów mo¿e wywo³aæ mimowolne skurcze miêœni, problemy z wykonywaniem precyzyjnych czynnoœci, a w powa¿nych przypadkach - zatrzymanie akcji serca.
338;Przeci¹¿enie (na³adowane);6BBA;100;500;99;5;50;0;0;0;0;0;Technologiczne;Specjalny program, który umo¿liwia wystrzelenie z omni-klucza potê¿nego ³adunku elektrycznego. £adunek elektryczny jest wyj¹tkowo efektywny przeciwko tarczom, syntetykom oraz urz¹dzeniom mechanicznym, powoduj¹c gwa³towne prze³adowanie ich systemów. U pozosta³ych celów mo¿e wywo³aæ mimowolne skurcze miêœni, problemy z wykonywaniem precyzyjnych czynnoœci, a w powa¿nych przypadkach - zatrzymanie akcji serca.
339;Przeci¹¿enie (na³adowane);6BAA;100;500;99;5;50;0;0;0;0;0;Technologiczne;Specjalny program, który umo¿liwia wystrzelenie z omni-klucza potê¿nego ³adunku elektrycznego. £adunek elektryczny jest wyj¹tkowo efektywny przeciwko tarczom, syntetykom oraz urz¹dzeniom mechanicznym, powoduj¹c gwa³towne prze³adowanie ich systemów. U pozosta³ych celów mo¿e wywo³aæ mimowolne skurcze miêœni, problemy z wykonywaniem precyzyjnych czynnoœci, a w powa¿nych przypadkach - zatrzymanie akcji serca.
340;Przeci¹¿enie (na³adowane);6ABA;100;500;99;5;50;0;0;0;0;0;Technologiczne;Specjalny program, który umo¿liwia wystrzelenie z omni-klucza potê¿nego ³adunku elektrycznego. £adunek elektryczny jest wyj¹tkowo efektywny przeciwko tarczom, syntetykom oraz urz¹dzeniom mechanicznym, powoduj¹c gwa³towne prze³adowanie ich systemów. U pozosta³ych celów mo¿e wywo³aæ mimowolne skurcze miêœni, problemy z wykonywaniem precyzyjnych czynnoœci, a w powa¿nych przypadkach - zatrzymanie akcji serca.
341;Kriowybuch;1;100;0;5;0;0;0;30;0;0;0;Technologiczne;Specjalny program, który umo¿liwia wystrzelenie z omni-klucza potê¿nego ³adunku super-ch³odz¹cych cz¹steczek subatomowych, zdolnych do natychmiastowego sch³odzenia lub zamro¿enia celu. £adunek kriogeniczny jest wyj¹tkowo efektywny przeciwko celom opancerzonym i urz¹dzeniom, powoduj¹c gwa³towne och³odzenie systemów oraz zmniejszenie ich wydajnoœci.
342;Kriowybuch;2;100;0;5;5;0;0;30;0;0;0;Technologiczne;Specjalny program, który umo¿liwia wystrzelenie z omni-klucza potê¿nego ³adunku super-ch³odz¹cych cz¹steczek subatomowych, zdolnych do natychmiastowego sch³odzenia lub zamro¿enia celu. £adunek kriogeniczny jest wyj¹tkowo efektywny przeciwko celom opancerzonym i urz¹dzeniom, powoduj¹c gwa³towne och³odzenie systemów oraz zmniejszenie ich wydajnoœci.
343;Kriowybuch;3;100;0;5;5;0;0;30;0;0;0;Technologiczne;Specjalny program, który umo¿liwia wystrzelenie z omni-klucza potê¿nego ³adunku super-ch³odz¹cych cz¹steczek subatomowych, zdolnych do natychmiastowego sch³odzenia lub zamro¿enia celu. £adunek kriogeniczny jest wyj¹tkowo efektywny przeciwko celom opancerzonym i urz¹dzeniom, powoduj¹c gwa³towne och³odzenie systemów oraz zmniejszenie ich wydajnoœci.
344;Kriowybuch;4A;100;0;4;5;0;0;30;0;0;0;Technologiczne;Specjalny program, który umo¿liwia wystrzelenie z omni-klucza potê¿nego ³adunku super-ch³odz¹cych cz¹steczek subatomowych, zdolnych do natychmiastowego sch³odzenia lub zamro¿enia celu. £adunek kriogeniczny jest wyj¹tkowo efektywny przeciwko celom opancerzonym i urz¹dzeniom, powoduj¹c gwa³towne och³odzenie systemów oraz zmniejszenie ich wydajnoœci.
345;Kriowybuch;4B;100;0;5;5;0;0;30;0;0;0;Technologiczne;Specjalny program, który umo¿liwia wystrzelenie z omni-klucza potê¿nego ³adunku super-ch³odz¹cych cz¹steczek subatomowych, zdolnych do natychmiastowego sch³odzenia lub zamro¿enia celu. £adunek kriogeniczny jest wyj¹tkowo efektywny przeciwko celom opancerzonym i urz¹dzeniom, powoduj¹c gwa³towne och³odzenie systemów oraz zmniejszenie ich wydajnoœci.
346;Kriowybuch;5AA;100;0;4;5;0;0;30;0;0;0;Technologiczne;Specjalny program, który umo¿liwia wystrzelenie z omni-klucza potê¿nego ³adunku super-ch³odz¹cych cz¹steczek subatomowych, zdolnych do natychmiastowego sch³odzenia lub zamro¿enia celu. £adunek kriogeniczny jest wyj¹tkowo efektywny przeciwko celom opancerzonym i urz¹dzeniom, powoduj¹c gwa³towne och³odzenie systemów oraz zmniejszenie ich wydajnoœci.
347;Kriowybuch;5AB;100;0;4;5;0;0;30;0;0;0;Technologiczne;Specjalny program, który umo¿liwia wystrzelenie z omni-klucza potê¿nego ³adunku super-ch³odz¹cych cz¹steczek subatomowych, zdolnych do natychmiastowego sch³odzenia lub zamro¿enia celu. £adunek kriogeniczny jest wyj¹tkowo efektywny przeciwko celom opancerzonym i urz¹dzeniom, powoduj¹c gwa³towne och³odzenie systemów oraz zmniejszenie ich wydajnoœci.
348;Kriowybuch;5BA;100;0;5;5;0;0;30;0;0;0;Technologiczne;Specjalny program, który umo¿liwia wystrzelenie z omni-klucza potê¿nego ³adunku super-ch³odz¹cych cz¹steczek subatomowych, zdolnych do natychmiastowego sch³odzenia lub zamro¿enia celu. £adunek kriogeniczny jest wyj¹tkowo efektywny przeciwko celom opancerzonym i urz¹dzeniom, powoduj¹c gwa³towne och³odzenie systemów oraz zmniejszenie ich wydajnoœci.
349;Kriowybuch;5BB;100;0;5;5;0;0;30;0;0;0;Technologiczne;Specjalny program, który umo¿liwia wystrzelenie z omni-klucza potê¿nego ³adunku super-ch³odz¹cych cz¹steczek subatomowych, zdolnych do natychmiastowego sch³odzenia lub zamro¿enia celu. £adunek kriogeniczny jest wyj¹tkowo efektywny przeciwko celom opancerzonym i urz¹dzeniom, powoduj¹c gwa³towne och³odzenie systemów oraz zmniejszenie ich wydajnoœci.
350;Kriowybuch;6AAA;100;0;4;5;0;0;30;0;0;0;Technologiczne;Specjalny program, który umo¿liwia wystrzelenie z omni-klucza potê¿nego ³adunku super-ch³odz¹cych cz¹steczek subatomowych, zdolnych do natychmiastowego sch³odzenia lub zamro¿enia celu. £adunek kriogeniczny jest wyj¹tkowo efektywny przeciwko celom opancerzonym i urz¹dzeniom, powoduj¹c gwa³towne och³odzenie systemów oraz zmniejszenie ich wydajnoœci.
351;Kriowybuch;6AAB;200;0;4;5;0;0;30;0;0;0;Technologiczne;Specjalny program, który umo¿liwia wystrzelenie z omni-klucza potê¿nego ³adunku super-ch³odz¹cych cz¹steczek subatomowych, zdolnych do natychmiastowego sch³odzenia lub zamro¿enia celu. £adunek kriogeniczny jest wyj¹tkowo efektywny przeciwko celom opancerzonym i urz¹dzeniom, powoduj¹c gwa³towne och³odzenie systemów oraz zmniejszenie ich wydajnoœci.
352;Kriowybuch;6ABB;200;0;4;5;0;0;30;0;0;0;Technologiczne;Specjalny program, który umo¿liwia wystrzelenie z omni-klucza potê¿nego ³adunku super-ch³odz¹cych cz¹steczek subatomowych, zdolnych do natychmiastowego sch³odzenia lub zamro¿enia celu. £adunek kriogeniczny jest wyj¹tkowo efektywny przeciwko celom opancerzonym i urz¹dzeniom, powoduj¹c gwa³towne och³odzenie systemów oraz zmniejszenie ich wydajnoœci.
353;Kriowybuch;6BBB;200;0;5;5;0;0;30;0;0;0;Technologiczne;Specjalny program, który umo¿liwia wystrzelenie z omni-klucza potê¿nego ³adunku super-ch³odz¹cych cz¹steczek subatomowych, zdolnych do natychmiastowego sch³odzenia lub zamro¿enia celu. £adunek kriogeniczny jest wyj¹tkowo efektywny przeciwko celom opancerzonym i urz¹dzeniom, powoduj¹c gwa³towne och³odzenie systemów oraz zmniejszenie ich wydajnoœci.
354;Kriowybuch;6BBA;100;0;5;5;0;0;30;0;0;0;Technologiczne;Specjalny program, który umo¿liwia wystrzelenie z omni-klucza potê¿nego ³adunku super-ch³odz¹cych cz¹steczek subatomowych, zdolnych do natychmiastowego sch³odzenia lub zamro¿enia celu. £adunek kriogeniczny jest wyj¹tkowo efektywny przeciwko celom opancerzonym i urz¹dzeniom, powoduj¹c gwa³towne och³odzenie systemów oraz zmniejszenie ich wydajnoœci.
355;Kriowybuch;6BAA;100;0;5;5;0;0;30;0;0;0;Technologiczne;Specjalny program, który umo¿liwia wystrzelenie z omni-klucza potê¿nego ³adunku super-ch³odz¹cych cz¹steczek subatomowych, zdolnych do natychmiastowego sch³odzenia lub zamro¿enia celu. £adunek kriogeniczny jest wyj¹tkowo efektywny przeciwko celom opancerzonym i urz¹dzeniom, powoduj¹c gwa³towne och³odzenie systemów oraz zmniejszenie ich wydajnoœci.
356;Kriowybuch;6ABA;100;0;4;5;0;0;30;0;0;0;Technologiczne;Specjalny program, który umo¿liwia wystrzelenie z omni-klucza potê¿nego ³adunku super-ch³odz¹cych cz¹steczek subatomowych, zdolnych do natychmiastowego sch³odzenia lub zamro¿enia celu. £adunek kriogeniczny jest wyj¹tkowo efektywny przeciwko celom opancerzonym i urz¹dzeniom, powoduj¹c gwa³towne och³odzenie systemów oraz zmniejszenie ich wydajnoœci.
357;Kriowybuch;6BAB;200;0;5;5;0;0;30;0;0;0;Technologiczne;Specjalny program, który umo¿liwia wystrzelenie z omni-klucza potê¿nego ³adunku super-ch³odz¹cych cz¹steczek subatomowych, zdolnych do natychmiastowego sch³odzenia lub zamro¿enia celu. £adunek kriogeniczny jest wyj¹tkowo efektywny przeciwko celom opancerzonym i urz¹dzeniom, powoduj¹c gwa³towne och³odzenie systemów oraz zmniejszenie ich wydajnoœci.
